Date,inflation_gap,inflation_gap_change,inflation_gap_change_lag1,inflation_gap_change_lag2,unemployment_current,unemployment_lag1,unemployment_lag2,unemployment_hysteresis_24m_avg,icu_current,icu_lag1,oil_shock,expected_inflation_term,expected_inflation_fisher_12m_ahead,expected_inflation_current_period,nairu_estimate,nairu_se,nairu_ci_lower_90,nairu_ci_upper_90,nairu_ci_lower_95,nairu_ci_upper_95,naicu_estimate,naicu_se,naicu_ci_lower_90,naicu_ci_upper_90,naicu_ci_lower_95,naicu_ci_upper_95,unemployment_gap,icu_gap
2004-01-01,-0.09999999999999964,-0.3099999999999996,0.03000000000000025,-0.25,15.1,13.5,13.7,14.854166666666666,71.95874923063522,74.14911698771881,3.4698712795862896,0.9205996894795438,7.188655197503668,6.630599689479544,11.534947255769588,2.5334633872702135,7.367770814469415,15.70212369706976,6.569450260569118,16.500444250970055,77.37704178771614,3.3768958121882373,71.82254246320107,82.9315411122312,70.75844761628306,83.99563595914921,3.565052744230412,-5.4182925570809175
2004-02-01,-0.2699999999999996,-0.16999999999999993,-0.3099999999999996,0.03000000000000025,14.4,15.1,13.5,14.833333333333334,73.88843764219675,71.95874923063522,-1.0469730533336108,2.2279884232799185,7.050761172842535,7.627988423279919,11.93428591597783,2.1660337486350807,8.371477448436124,15.497094383519535,7.688937779354787,16.17963405260087,76.7036947805566,2.8851455745460743,71.95805261798151,81.4493369431317,71.04891336429118,82.35847619682202,2.4657140840221707,-2.815257138359854
2004-03-01,-0.4500000000000002,-0.1800000000000006,-0.16999999999999993,-0.3099999999999996,14.0,14.4,15.1,14.816666666666665,75.37931160857924,73.88843764219675,7.576289624136612,1.77188493649847,6.409755577850174,7.00188493649847,12.306830096725404,1.8652697431203258,9.238734394511095,15.374925798939714,8.650968578757288,15.96269161469352,76.33141266971833,2.4823364346629226,72.24833258184924,80.41449275758742,71.46612266026744,81.19670267916922,1.6931699032745957,-0.9521010611390892
2004-04-01,-0.5499999999999998,-0.09999999999999964,-0.1800000000000006,-0.16999999999999993,14.2,14.0,14.4,14.741666666666667,74.35966138063122,75.37931160857924,0.7449963805522763,1.5943101770209847,5.769109508311243,6.6443101770209845,12.662497652617647,1.613631146783788,10.00831060826847,15.316684696966824,9.499838720589358,15.825156584645937,76.14765236801351,2.1454343221263055,72.61872694187788,79.67657779414914,71.94267836544985,80.35262637057717,1.5375023473823521,-1.7879909873822868
2004-05-01,-0.71,-0.16000000000000014,-0.09999999999999964,-0.1800000000000006,14.1,14.2,14.0,14.695833333333333,75.27294281827773,74.35966138063122,12.045698000640082,0.8879277870733713,5.1778850986229585,5.8379277870733715,12.90584734085754,1.4002811021607906,10.602589891216757,15.209104790498321,10.161346812390338,15.65034786932474,75.93533320092466,1.8601300610370228,72.87569152342645,78.99497487842287,72.28954527473181,79.58112112711751,1.1941526591424605,-0.6623903826469331
2004-06-01,-0.7199999999999998,-0.009999999999999787,-0.16000000000000014,-0.09999999999999964,14.0,14.1,14.2,14.633333333333333,74.07721699281402,75.27294281827773,-4.641221897163428,0.7261401921387964,4.824754503167994,5.5161401921387965,13.17296905524553,1.2178599913459442,11.169767631361065,15.176170479129993,10.786007333995217,15.559930776495841,75.78811172433339,1.6166515632437997,73.12895653701506,78.44726691165172,72.61953288482516,78.95669056384162,0.8270309447544708,-1.7108947315193745
2004-07-01,-0.6399999999999997,0.08000000000000007,-0.009999999999999787,-0.16000000000000014,12.9,14.0,14.1,14.5625,76.10453880982449,74.07721699281402,5.895167240899735,0.29840216430637234,5.758685052016266,5.078402164306373,13.394372221581717,1.0610188955211757,11.649151443019665,15.139593000143769,11.314813399443747,15.473931043719688,75.51019194993417,1.4078609560559103,73.19446675012223,77.8259171497461,72.75083518082445,78.26954871904388,-0.4943722215817168,0.5943468598903223
2004-08-01,-0.75,-0.11000000000000032,0.08000000000000007,-0.009999999999999787,13.0,12.9,14.0,14.458333333333334,77.75549626587822,76.10453880982449,10.297626349540767,0.2234490950453889,5.708447618872303,5.083449095045389,13.489318061857272,0.9256760175398038,11.96671650702493,15.011919616689614,11.67502640612679,15.303609717587754,75.63662385432974,1.2282892902788545,73.61626776026891,77.65697994839057,73.22922108278692,78.04402662587256,-0.4893180618572721,2.1188724115484803
2004-09-01,-0.7800000000000002,-0.03000000000000025,-0.11000000000000032,0.08000000000000007,12.7,13.0,12.9,14.337499999999999,76.34426654214413,77.75549626587822,2.607565379294119,1.036261080657118,5.481925058341752,5.786261080657118,13.585335863262735,0.8086052570010188,12.255298573512581,14.915373153012888,12.000498681830983,15.170173044694486,75.9228856144074,1.0736014772889788,74.15696833058817,77.68880289822664,73.81866538517201,78.0271058436428,-0.8853358632627355,0.4213809277367204
2004-10-01,-0.8899999999999997,-0.10999999999999943,-0.03000000000000025,-0.11000000000000032,13.2,12.7,13.0,14.237500000000002,76.55524018894336,76.34426654214413,14.162479653308857,1.5555283350809157,6.098767477788769,6.2755283350809155,13.65613025476551,0.707191437966314,12.49290385307759,14.819356656453428,12.270060506176442,15.042200003354576,75.99179301976322,0.940276782865948,74.4451753431279,77.53841069639854,74.14888438984677,77.83470164967967,-0.45613025476550995,0.5634471691801366
2004-11-01,-0.9000000000000004,-0.010000000000000675,-0.10999999999999943,-0.03000000000000025,13.0,13.2,12.7,14.137500000000001,77.50449494322338,76.55524018894336,-10.24991372535995,1.4009172413053355,6.0979532163742745,6.010917241305336,13.710821075020107,0.6192753967688033,12.69220369256313,14.729438457477084,12.4970636008415,14.924578549198714,76.07201142002607,0.8254053003551907,74.71434051803186,77.42968232202028,74.45424675868144,77.68977608137071,-0.7108210750201067,1.4324835231973054
2004-12-01,-0.9000000000000004,0.0,-0.010000000000000675,-0.10999999999999943,12.9,13.0,13.2,14.0,76.37489726318063,77.50449494322338,-10.112595081457831,1.6655551037007044,6.098273182313263,6.265555103700704,13.745842335181857,0.5430505380932591,12.852603687981212,14.639080982382502,12.681482838733972,14.810201831629742,76.25792920349778,0.7265505955618256,75.06285982122417,77.4529985857714,74.83391620325048,77.68194220374508,-0.8458423351818567,0.11696805968284707
2005-01-01,-0.6399999999999997,0.2600000000000007,0.0,-0.010000000000000675,11.1,12.9,13.0,13.85,75.15306011768531,76.37489726318063,9.923012662266961,2.5886551975036687,5.7541373938093665,7.188655197503668,13.775357366934108,0.4769904211476561,12.990777942688275,14.55993679117994,12.840473320514109,14.710241413354106,76.25146000334557,0.6416519730627931,75.19603642821266,77.30688357847848,74.99384524553344,77.5090747611577,-2.675357366934108,-1.0983998856602568
2005-02-01,-0.8499999999999996,-0.20999999999999996,0.2600000000000007,0.0,12.7,11.1,12.9,13.729166666666666,76.20721117587595,75.15306011768531,3.061802494797261,2.6907611728425342,6.006747386125566,7.050761172842535,13.75318187180615,0.4197958865527955,13.062679085230476,14.443684658381825,12.93039705330461,14.575966690307691,76.1322917755605,0.5689514345956793,75.19644994480656,77.06813360631445,75.01716745480057,77.24741609632044,-1.0531818718061512,0.07491940031545141
2005-03-01,-1.08,-0.23000000000000043,-0.20999999999999996,0.2600000000000007,13.3,12.7,11.1,13.654166666666667,77.91398162378994,76.20721117587595,14.97355572675989,2.2597555778501732,5.426250611467265,6.409755577850174,13.728116976185136,0.3703549444847037,13.11893730249006,14.337296649880212,13.002234623498786,14.453999328871486,76.1591550420735,0.5069365967348541,75.32531854229973,76.99299154184726,75.16557757002788,77.15273251411911,-0.42811697618513556,1.7548265817164435
2005-04-01,-1.2200000000000002,-0.14000000000000012,-0.23000000000000043,-0.20999999999999996,11.7,13.3,12.7,13.637500000000001,79.02273042498219,77.91398162378994,0.06433799112102179,1.8491095083112432,4.915399045337199,5.769109508311243,13.711271765540879,0.32771124625052395,13.172234733552918,14.25030879752884,13.068969525561116,14.353574005520642,76.3921530350667,0.45429439794852977,75.64490524689732,77.13940082323607,75.50175237670928,77.28255369342412,-2.0112717655408794,2.630577389915487
2005-05-01,-1.21,0.010000000000000231,-0.14000000000000012,-0.23000000000000043,12.6,11.7,13.3,13.525,79.10589551274013,79.02273042498219,-7.058867713735895,1.3978850986229587,5.029863439525317,5.1778850986229585,13.687763800755189,0.2910384699488454,13.209048117877423,14.166479483632955,13.117338881539808,14.258188719970569,76.72992392890072,0.4098726756220483,76.05574337181548,77.40410448598595,75.92658824643443,77.533259611367,-1.087763800755189,2.3759715838394158
2005-06-01,-1.3399999999999999,-0.1299999999999999,0.010000000000000231,-0.14000000000000012,11.6,12.6,11.7,13.5,78.63881327615117,79.10589551274013,10.939326525218496,1.0347545031679939,4.518306088395363,4.824754503167994,13.66061502136967,0.25961888056559884,13.233579964046264,14.087650078693077,13.151771365754492,14.16945867698485,77.0403187550441,0.3726482461261269,76.42736693582643,77.65327057426177,76.30994161373486,77.77069589635333,-2.060615021369671,1.598494521107071
2005-07-01,-1.4,-0.06000000000000005,-0.1299999999999999,0.010000000000000231,11.9,11.6,12.6,13.399999999999999,79.71491135758359,78.63881327615117,4.464812464315582,2.0986850520162657,4.517209149454082,5.758685052016266,13.625283668313058,0.23282495205374898,13.242320701482646,14.00824663514347,13.168955147585445,14.081612189040671,77.2494931554713,0.3417011915920306,76.6874447111475,77.81154159979509,76.5797711264765,77.9192151844661,-1.7252836683130575,2.4654182021122892
2005-08-01,-1.4500000000000002,-0.050000000000000266,-0.06000000000000005,-0.1299999999999999,11.7,11.9,11.6,13.291666666666666,80.77682344672918,79.71491135758359,9.623014307067912,2.108447618872303,4.207407407407415,5.708447618872303,13.581533759632826,0.2101034150299762,13.235944395385879,13.927123123879774,13.1697386331452,13.993328886120452,77.56883924050703,0.3161956231372221,77.0487437229636,78.08893475805047,76.94910720708887,78.18857127392519,-1.881533759632827,3.20798420622215
2005-09-01,-1.3599999999999999,0.0900000000000003,-0.050000000000000266,-0.06000000000000005,11.6,11.7,11.9,13.183333333333335,81.48716244746764,80.77682344672918,-0.0007124562284133162,1.9319250583417524,3.774345257601386,5.481925058341752,13.531073872056696,0.1909614894283279,13.216970173562457,13.845177570550936,13.156796230343048,13.905351513770345,77.98106975945056,0.29536715027757515,77.49523403103417,78.46690548786695,77.40216078269029,78.55997873621084,-1.9310738720566967,3.506092688017077
2005-10-01,-1.23,0.1299999999999999,0.0900000000000003,-0.050000000000000266,11.0,11.6,11.7,13.049999999999999,82.36084468456842,81.48716244746764,-6.977775647018181,2.458767477788769,4.870732188671778,6.098767477788769,13.469877324201882,0.17495538033842664,13.182101332297547,13.757653316106216,13.126971079837059,13.812783568566704,78.43211409532441,0.2785166548991653,77.97399496534713,78.89023322530169,77.88623148262748,78.97799670802134,-2.4698773242018817,3.9287305892440116
2005-11-01,-1.2000000000000002,0.029999999999999805,0.1299999999999999,0.0900000000000003,11.5,11.0,11.6,12.9125,80.630157411881,82.36084468456842,-5.660681147289814,2.3279532163742744,5.2099714746372205,6.0979532163742745,13.398359381821454,0.16168130478482173,13.132417301235893,13.664301462407014,13.08146984746976,13.715248916173147,78.93887897299496,0.2650090179134606,78.50297792870515,79.37478001728476,78.41947084230624,79.45828710368367,-1.8983593818214537,1.6912784388860445
2005-12-01,-1.29,-0.08999999999999986,0.029999999999999805,0.1299999999999999,11.2,11.5,11.0,12.820833333333333,78.15859792635045,80.630157411881,2.4706555972493938,2.298273182313263,5.173032301398295,6.098273182313263,13.32402932828158,0.15076930257164414,13.076035894113666,13.572022762449492,13.028526925266934,13.619531731296224,79.1590254003568,0.2542746552165133,78.74078081148208,79.57726998923151,78.66065623395109,79.6573945667625,-2.12402932828158,-1.0004274740063437
2006-01-01,-0.8700000000000001,0.41999999999999993,-0.08999999999999986,0.029999999999999805,11.3,11.2,11.5,12.725000000000001,79.10929536027348,78.15859792635045,10.258784883412897,2.0441373938093665,5.249314830450058,5.7541373938093665,13.251206392700176,0.14187983240266844,13.01783483578138,13.484577949618972,12.973127031058366,13.529285754341986,79.02401520683279,0.24581151012853747,78.61969125285144,79.42833916081413,78.54223349999545,79.50579691367012,-1.9512063927001755,0.08528015344069217
2006-02-01,-0.8500000000000001,0.020000000000000018,0.41999999999999993,-0.08999999999999986,11.8,11.3,11.2,12.566666666666665,79.91655579966239,79.10929536027348,-4.34568749153712,2.376747386125566,5.374533646719248,6.006747386125566,13.16405869437085,0.1347027365691511,12.942492409564792,13.385624979176907,12.900046182076327,13.428071206665372,79.03654325769182,0.2391856241655741,78.64311791626842,79.42996859911521,78.56774804870756,79.50533846667608,-1.3640586943708488,0.8800125419705722
2006-03-01,-0.8700000000000001,-0.020000000000000018,0.020000000000000018,0.41999999999999993,11.5,11.8,11.3,12.458333333333334,82.30170776634337,79.91655579966239,3.039108149483827,1.776250611467265,4.750211585723774,5.426250611467265,13.073451495384415,0.12895775099736717,12.861334870932891,13.285568119835938,12.82069894790229,13.32620404286654,79.15313778109893,0.23402930922073817,78.76819382301426,79.53808173918361,78.6944487636995,79.61182679849837,-1.5734514953844148,3.1485699852444355
2006-04-01,-0.9500000000000002,-0.08000000000000007,-0.020000000000000018,0.020000000000000018,11.9,11.5,11.8,12.354166666666666,79.31841629091167,82.30170776634337,11.132059985592324,1.2853990453371988,4.406004740179026,4.915399045337199,12.982093713156837,0.12439553835504455,12.77748126071696,13.186706165596714,12.73828293814348,13.225904488170196,79.55869949277476,0.23003686353428154,79.18032252345786,79.93707646209167,79.10783552513102,80.0095634604185,-1.0820937131568371,-0.24028320186309315
2006-05-01,-0.8900000000000001,0.06000000000000005,-0.08000000000000007,-0.020000000000000018,11.9,11.9,11.5,12.258333333333335,81.81577009122917,79.31841629091167,0.5904434259457858,1.4798634395253174,4.82875362318842,5.029863439525317,12.890697127805838,0.12079832350357173,12.69200156726133,13.089392688350346,12.65393676434602,13.127457491265657,79.52771882191118,0.22695840639036463,79.15440546399286,79.9010321798295,79.08288851939746,79.9725491244249,-0.9906971278058379,2.2880512693179895
2006-06-01,-0.81,0.08000000000000007,0.06000000000000005,-0.08000000000000007,10.6,11.9,11.9,12.166666666666666,81.16551286722598,81.81577009122917,-1.548724971616533,0.9083060883953631,4.572660574076437,4.518306088395363,12.799273025229875,0.11797954966076016,12.605213935064272,12.993332115395477,12.56803735698253,13.03050869347722,79.82139783679955,0.22459266344068957,79.45197577975244,80.19081989384665,79.38120430526386,80.26159136833523,-2.199273025229875,1.3441150304264369
2006-07-01,-0.77,0.040000000000000036,0.08000000000000007,0.06000000000000005,12.1,10.6,11.9,12.025,82.53311851698821,81.16551286722598,6.225096757380211,0.8272091494540823,4.062958516740034,4.517209149454082,12.701250548440203,0.11578238684499788,12.51080546950111,12.891695627379297,12.474321240179924,12.928179856700483,79.99454600430656,0.222779495739546,79.62810634272894,80.36098566588417,79.55790621616305,80.43118579245007,-0.6012505484402038,2.538572512681654
2006-08-01,-0.71,0.06000000000000005,0.040000000000000036,0.08000000000000007,13.1,12.1,10.6,11.991666666666667,81.87676107699154,82.53311851698821,-0.48424999624945286,0.4774074074074153,4.756643600628019,4.207407407407415,12.611723064352706,0.11407725639022613,12.42408267542657,12.799363453278842,12.38813575037272,12.835310378332691,80.32019224211692,0.2213927710892409,79.95603353960995,80.68435094462389,79.88627038434448,80.75411409988935,0.4882769356472938,1.556568834874625
2006-09-01,-0.7999999999999998,-0.08999999999999986,0.06000000000000005,0.040000000000000036,13.1,13.1,12.1,11.995833333333335,83.23573330534322,81.87676107699154,-14.95016403660241,-0.015654742398614196,5.1936577926867455,3.774345257601386,12.53309025682787,0.1127587122136833,12.347618680072816,12.718561833582925,12.312087241945935,12.754093271709806,80.52239039877284,0.2203339452738488,80.15997330974862,80.88480748779706,80.09054380146448,80.9542369960812,0.566909743172129,2.713342906570375
2006-10-01,-1.0699999999999998,-0.27,-0.08999999999999986,0.06000000000000005,12.6,13.1,13.1,12.012499999999998,82.74291798594538,83.23573330534322,-6.158317551023451,1.1707321886717779,4.876346967820644,4.870732188671778,12.465771479529433,0.11174205032417603,12.281972162770717,12.649570796288149,12.246761085335386,12.68478187372348,80.87522694104332,0.2195265221660328,80.51413794484648,81.23631593724016,80.44496286394657,81.30549101814007,0.13422852047056644,1.8676910449020596
2006-11-01,-0.8700000000000001,0.19999999999999973,-0.27,-0.08999999999999986,12.3,12.6,13.1,11.987499999999999,85.30075104820732,82.74291798594538,0.03797372264058296,1.7799714746372204,4.8193648635525,5.2099714746372205,12.40622895867446,0.11095995600944566,12.223716072585948,12.588741844762971,12.188751441169797,12.623706476179121,81.1125330843504,0.2189114203338877,80.7524558406331,81.4726103280677,80.68347458469147,81.54159158400934,-0.1062289586744587,4.188217963856914
2006-12-01,-0.75,0.1200000000000001,0.19999999999999973,-0.27,12.8,12.3,12.6,11.958333333333334,81.50312550705499,85.30075104820732,3.9713426300915344,1.543032301398295,5.347323897836342,5.173032301398295,12.350511424207808,0.11035939986269604,12.168986365075463,12.532036483340152,12.13421097512147,12.566811873294146,81.64785702139334,0.2184431879893917,81.28854995134614,82.00716409144053,81.21971624026601,82.07599780252066,0.44948857579219315,-0.1447315143383463
2007-01-01,0.04999999999999982,0.7999999999999998,0.1200000000000001,0.19999999999999973,12.0,12.8,12.3,11.954166666666667,81.72709348962127,81.50312550705499,-13.126969801229293,1.499314830450058,5.574380306075977,5.249314830450058,12.303804847294733,0.10989889826370129,12.123037245887714,12.484572448701753,12.088406964757247,12.51920272983222,81.61951815536322,0.21808696528360488,81.26079701952564,81.97823929120081,81.19207555790972,82.04696075281673,-0.30380484729473345,0.10757533425804411
2007-02-01,-0.04999999999999982,-0.09999999999999964,0.7999999999999998,0.1200000000000001,11.6,12.0,12.8,11.991666666666667,79.9671785224201,81.72709348962127,7.3734868920957375,1.3245336467192486,6.068480437649582,5.374533646719248,12.263268577136088,0.10954617956917748,12.083081146353049,12.443456007919128,12.048562010536543,12.477975143735634,81.63652404492667,0.2178160788119299,81.27824847768453,81.99479961216882,81.20961237520156,82.06343571465179,-0.6632685771360887,-1.6693455225065748
2007-03-01,-0.009999999999999787,0.040000000000000036,-0.09999999999999964,0.7999999999999998,12.0,11.6,12.0,11.945833333333333,81.20837777106286,79.9671785224201,6.023641761615206,0.8002115857237735,6.2666334801692924,4.750211585723774,12.222547645332238,0.10927624794822585,12.04280421255495,12.402291078109526,12.008370134988047,12.436725155676429,81.42394097035519,0.2176101559560455,81.06600411606941,81.78187782464097,80.9974329020112,81.85044903869918,-0.22254764533223792,-0.21556319929233325
2007-04-01,0.13999999999999968,0.14999999999999947,0.040000000000000036,-0.09999999999999964,10.7,12.0,11.6,11.891666666666666,81.4468877525215,81.20837777106286,7.913949603574721,0.41600474017902567,5.877859384134787,4.406004740179026,12.181496230446971,0.10906980892724422,12.00209235964209,12.360900101251852,11.967723333148907,12.395269127745035,81.39406069937468,0.21745365802704,81.03638126127504,81.75174013747431,80.96785936133519,81.82026203741417,-1.4814962304469717,0.05282705314682801
2007-05-01,0.1200000000000001,-0.019999999999999574,0.14999999999999947,0.040000000000000036,11.7,10.7,12.0,11.85,82.45510180224107,81.4468877525215,0.3867372934823976,0.6887536231884201,4.140218198725409,4.82875362318842,12.139234858593003,0.10891200833371105,11.960090546666729,12.318379170519277,11.925771244775003,12.352698472411003,81.40194980482747,0.21733474581638812,81.0444659599088,81.75943364974613,80.97598153043818,81.82791807921676,-0.4392348585930037,1.0531519974136074
2007-06-01,0.07000000000000028,-0.04999999999999982,-0.019999999999999574,0.14999999999999947,11.4,11.7,10.7,11.8125,81.56245339527167,82.45510180224107,3.870650628033001,0.4526605740764369,4.469503773295358,4.572660574076437,12.09755263587446,0.1087914338209963,11.918606651372743,12.276498620376175,11.884325343758833,12.310779927990085,81.53836414739402,0.21724440609172838,81.18102889809913,81.89569939668891,81.11257293561144,81.9641553591766,-0.6975526358744588,0.02408924787765443
2007-07-01,0.1299999999999999,0.05999999999999961,-0.04999999999999982,-0.019999999999999574,10.9,11.4,11.7,11.804166666666667,81.53430206633868,81.56245339527167,7.217246166979496,-0.007041483259966341,4.318765930892976,4.062958516740034,12.06083426050544,0.10869933119517756,11.882039771341852,12.239628749669027,11.8477874862193,12.273881034791579,81.54043473676671,0.21717578126430784,81.18321236526809,81.89765710826534,81.11477802717432,81.9660914463591,-1.160834260505439,-0.006132670428030451
2007-08-01,0.05999999999999961,-0.07000000000000028,0.05999999999999961,-0.04999999999999982,11.0,10.9,11.4,11.762499999999998,82.91614471874635,81.53430206633868,-6.222885256000321,0.6266436006280189,3.8995712604042776,4.756643600628019,12.022546103434271,0.1086289934240204,11.843867309608683,12.20122489725986,11.809637188646352,12.23545501822219,81.54138976702872,0.21712365627765087,81.18425313350346,81.89852640055398,81.11583522053287,81.96694431352456,-1.022546103434271,1.3747549517176338
2007-09-01,0.0,-0.05999999999999961,-0.07000000000000028,0.05999999999999961,11.1,11.0,10.9,11.733333333333333,82.67323716806979,82.91614471874635,7.722150510811687,1.133657792686746,3.891168486837948,5.1936577926867455,11.985594535760741,0.10857528669373923,11.807004081645248,12.164184989876235,11.772790884229902,12.19839818729158,81.71913521452406,0.21708406659954937,81.36206370022441,82.0762067288237,81.29365826237145,82.14461216667667,-0.8855945357607418,0.9541019535457309
2007-10-01,0.23000000000000043,0.23000000000000043,-0.05999999999999961,-0.07000000000000028,11.4,11.1,11.0,11.7125,83.0005697727457,82.67323716806979,6.917306606934304,0.8763469678206439,4.007150356784495,4.876346967820644,11.952231839320147,0.1085342841955778,11.773708828312468,12.130754850327826,11.73950855120898,12.164955127431314,81.83831213569381,0.217053999173165,81.4812900779095,82.19533419347812,81.41289411461402,82.2637301567736,-0.5522318393201466,1.1622576370518942
2007-11-01,0.21999999999999975,-0.010000000000000675,0.23000000000000043,-0.05999999999999961,10.7,11.4,11.1,11.729166666666666,82.53195424792474,83.0005697727457,11.150664656896225,0.5893648635524995,4.0933972643675265,4.8193648635525,11.92384481680167,0.10850298398994913,11.745373290050745,12.102316343552596,11.711182875966244,12.136506757637097,81.98816297194882,0.2170311645368111,81.63117847379895,82.3451474700987,81.5627897059339,82.41353623796375,-1.2238448168016713,0.54379127597592
2007-12-01,0.20000000000000018,-0.019999999999999574,-0.010000000000000675,0.23000000000000043,10.8,10.7,11.4,11.695833333333335,80.7925673867327,82.53195424792474,-0.8288672177665823,1.1273238978363427,4.827438408095053,5.347323897836342,11.894667643721732,0.10847909213465319,11.716235415575644,12.07309987186782,11.68205253006221,12.107282757381254,82.05907702350619,0.21701382332194002,81.70212104911649,82.4160329978959,81.63373774564785,82.48441630136453,-1.0946676437217313,-1.2665096367734918
2008-01-01,0.1900000000000004,-0.009999999999999787,-0.019999999999999574,-0.010000000000000675,11.0,10.8,10.7,11.679166666666665,79.1150345198424,80.7925673867327,0.5143464294813604,1.3743803060759765,4.629851813954744,5.574380306075977,11.867588357546424,0.10846085626669556,11.689186124733888,12.04599059035896,11.655008985531325,12.080167729561524,81.89600129867502,0.2170006542378725,81.53906698550101,82.25293561184903,81.47068783174716,82.32131476560288,-0.867588357546424,-2.780966778832621
2008-02-01,0.25,0.05999999999999961,-0.009999999999999787,-0.019999999999999574,11.0,11.0,10.8,11.666666666666666,78.62997040627714,79.1150345198424,2.9482536924191116,1.8784804376495812,5.109633152112303,6.068480437649582,11.84270372836323,0.1084469380675289,11.664324388951073,12.021083067775386,11.630151635517228,12.055255821209231,81.53740950174186,0.21699065367204753,81.18049163803482,81.8943273654489,81.11211563556284,81.96270336792088,-0.8427037283632295,-2.9074390954647242
2008-03-01,0.23000000000000043,-0.019999999999999574,0.05999999999999961,-0.009999999999999787,11.3,11.0,11.0,11.633333333333333,76.78551444556813,78.62997040627714,8.309020247296228,2.0166334801692924,5.325187081301097,6.2666334801692924,11.816529273887562,0.10843631562445982,11.638167406839415,11.99489114093571,11.603998000647403,12.029060547127722,81.16322878527271,0.2169830593625664,80.80632341309317,81.52013415745225,80.73794980366677,81.58850776687865,-0.5165292738875618,-4.377714339704582
2008-04-01,0.23000000000000043,0.0,-0.019999999999999574,0.05999999999999961,11.0,11.3,11.0,11.625,79.95847795295059,76.78551444556813,7.094568887024444,1.6478593841347866,4.574866906760056,5.877859384134787,11.792302675949896,0.10842820873717318,11.613954143544706,11.970651208355086,11.579787291916846,12.004818059982947,80.60113875725195,0.21697729238760052,80.24424287090208,80.9580346436018,80.17587107870924,81.02640643579466,-0.7923026759498963,-0.6426608043013573
2008-05-01,0.25,0.019999999999999574,0.0,-0.019999999999999574,10.8,11.0,11.3,11.587499999999999,79.37862352215842,79.95847795295059,12.138367201965305,-0.08978180127459101,4.439347873921329,4.140218198725409,11.766727078074565,0.10842202181056074,11.588388722258053,11.945065433891077,11.55422382019485,11.97923033595428,80.51772944886817,0.21697291308540134,80.16084076582942,80.87461813190691,80.09247035360004,80.9429885441363,-0.9667270780745643,-1.139105926709746
2008-06-01,0.28000000000000025,0.03000000000000025,0.019999999999999574,0.0,11.6,10.8,11.0,11.541666666666666,75.732914378013,79.37862352215842,7.016470884166104,0.21950377329535797,5.354543744471818,4.469503773295358,11.738967582500695,0.10841730021264129,11.560636993021646,11.917298171979745,11.526473578782852,11.951461586218539,80.3694662236036,0.21696958756503196,80.01258301055908,80.7263494366481,79.94421364623562,80.79471880097157,-0.13896758250069574,-4.6365518455905885
2008-07-01,0.16000000000000014,-0.1200000000000001,0.03000000000000025,0.019999999999999574,11.7,11.6,10.8,11.583333333333334,77.73478324479048,75.732914378013,0.6119637395709532,0.03876593089297575,5.499037213953373,4.318765930892976,11.718959225307843,0.10841369693400732,11.540634562694724,11.897283887920963,11.506472283886348,11.931446166729339,79.77506713278105,0.2169670622663902,79.41818807348317,80.13194619207893,79.34981950490746,80.20031476065463,-0.018959225307844108,-2.0402838879905687
2008-08-01,0.15000000000000036,-0.009999999999999787,-0.1200000000000001,0.03000000000000025,11.7,11.7,11.6,11.566666666666668,77.42486493532799,77.73478324479048,-15.506188580147118,-0.26042873959572255,5.099745312740778,3.8995712604042776,11.699868358384384,0.10841094712376399,11.521548218806617,11.878188497962151,11.48738680649193,11.912349910276838,79.51261880117926,0.2169651446366325,79.15574289610164,79.86949470625687,79.08737493179093,79.93786267056758,0.00013164161561540766,-2.087753865851269
2008-09-01,0.13999999999999968,-0.010000000000000675,-0.009999999999999787,-0.1200000000000001,11.4,11.7,11.7,11.508333333333333,79.5083341834805,77.42486493532799,-13.399431732486278,-0.2588315131620522,4.224029020027964,3.891168486837948,11.675677225545552,0.10840884864503374,11.497360537658135,11.85399391343297,11.463199786595831,11.888154664495273,79.24449172676773,0.2169636884534948,78.88761821689823,79.60136523663724,78.81925071144592,79.66973274208955,-0.27567722554555196,0.26384245671276574
2008-10-01,0.5,0.3600000000000003,-0.010000000000000675,-0.009999999999999787,11.4,11.4,11.7,11.4375,77.92118205430452,79.5083341834805,-31.319913525101217,-0.13284964321550508,4.146075579318165,4.007150356784495,11.647193657196816,0.10840724722927395,11.46887960340392,11.825507710989712,11.43471935696431,11.859667957429322,79.27365180285845,0.216962582678627,78.91678011182675,79.63052349389015,78.84841295481554,79.69889065090136,-0.2471936571968154,-1.3524697485539292
2008-11-01,0.2400000000000002,-0.2599999999999998,0.3600000000000003,-0.010000000000000675,12.1,11.4,11.4,11.387500000000001,76.15766806131938,77.92118205430452,-29.708609312229584,-0.4066027356324735,5.019183109331826,4.0933972643675265,11.61303208649751,0.10840602514304827,11.434720042857574,11.791344130137446,11.400560181509992,11.825503991485029,79.10393542400537,0.21696174299224746,78.74706511413486,79.46080573387589,78.67869822171753,79.52917262629322,0.4869679135024896,-2.9462673626859868
2008-12-01,0.3799999999999999,0.13999999999999968,-0.2599999999999998,0.3600000000000003,11.6,12.1,11.4,11.379166666666665,74.63838344456,76.15766806131938,-24.028928445094255,0.5874384080950525,5.15546522053254,4.827438408095053,11.584134050976171,0.10840509253697381,11.40582354133672,11.762444560615624,11.37166397386297,11.796604128089372,78.72367877480353,0.21696110536432395,78.36680951373762,79.08054803586944,78.29844282224346,79.1489147273636,0.015865949023828207,-4.085295330243525
2009-01-01,-0.7599999999999998,-1.1399999999999997,0.13999999999999968,-0.2599999999999998,12.2,11.6,12.1,11.329166666666666,72.75440904106327,74.63838344456,5.984998055443924,0.2498518139547441,5.480266260772626,4.629851813954744,11.547438293907089,0.10840438084251021,11.369128954900857,11.72574763291332,11.334969611689404,11.759906976124773,78.212211500823,0.21696062117246154,77.85534303618184,78.56907996546417,77.78697649726153,78.63744650438447,0.6525617060929108,-5.457802459759733
2009-02-01,-0.6200000000000001,0.13999999999999968,-1.1399999999999997,0.13999999999999968,11.6,12.2,11.6,11.337499999999999,73.32996426670145,72.75440904106327,-4.095450960299374,0.8696331521123026,5.241198218298693,5.109633152112303,11.522707764942421,0.1084038377320922,11.34439931927333,11.701016210611511,11.310240147201597,11.735175382683245,77.50607324685478,0.21696025349443976,77.14920538699015,77.86294110671942,77.080838963929,77.93130752978057,0.07729223505757865,-4.17610898015333
2009-03-01,-0.6600000000000001,-0.040000000000000036,0.13999999999999968,-1.1399999999999997,12.2,11.6,12.2,11.3375,74.8884740277507,73.32996426670145,7.767607268373311,0.9451870813010972,4.394409783376618,5.325187081301097,11.50076693777276,0.1084034232726263,11.322459173828825,11.679074701716694,11.288300132357561,11.713233743187958,76.96550858531218,0.21695997429281172,76.60864118469335,77.322375985931,76.54027484961154,77.39074232101282,0.6992330622272398,-2.0770345575614755
2009-04-01,-0.8300000000000001,-0.16999999999999993,-0.040000000000000036,0.13999999999999968,12.0,12.2,11.6,11.345833333333333,72.89395930091196,74.8884740277507,8.049409930176754,0.23486690676005573,3.878275427963307,4.574866906760056,11.480821686436345,0.10840310698986871,11.302514442731251,11.659128930141438,11.26835550092396,11.69328787194873,76.69986893190973,0.21695976227694455,76.34300188002597,77.0567359837935,76.27463561175254,77.12510225206692,0.5191783135636552,-3.8059096309977747
2009-05-01,-0.9100000000000001,-0.08000000000000007,-0.16999999999999993,-0.040000000000000036,11.8,12.0,12.2,11.4,73.10605559567628,72.89395930091196,13.100209005791097,0.26934787392132886,2.8216087225048536,4.439347873921329,11.47093950841082,0.10840286562803209,11.292632661710618,11.649246355111023,11.258473795958942,11.6834052208627,76.21016034781204,0.21695960127950714,75.8532935607455,76.56702713487857,75.78492734320403,76.63539335242004,0.32906049158918016,-3.104104752135754
2009-06-01,-0.9500000000000002,-0.040000000000000036,-0.08000000000000007,-0.16999999999999993,11.8,11.8,12.0,11.404166666666667,72.74240629616331,73.10605559567628,16.754228061383536,1.2645437444718182,1.8169377359539496,5.354543744471818,11.463091939858701,0.10840268144000288,11.284785396120848,11.641398483596555,11.250626588408727,11.675557291308676,75.80981334812384,0.21695947902362245,75.45294676215033,76.16667993409735,75.38458058313297,76.2350461131147,0.33690806014129926,-3.0674070519605294
2009-07-01,-0.9199999999999999,0.03000000000000025,-0.040000000000000036,-0.08000000000000007,12.2,11.8,11.8,11.420833333333334,73.80990500693879,72.74240629616331,-5.2152139527744446,1.449037213953373,1.8313487724693767,5.499037213953373,11.458227498668911,0.1084025408825183,11.279921186127545,11.636533811210278,11.245762422706544,11.670692574631278,75.41451387909092,0.21695938618668298,75.05764744582059,75.77138031236125,74.9892812960571,75.83974646212474,0.7417725013310879,-1.6046088721521272
2009-08-01,-0.9199999999999999,0.0,0.03000000000000025,-0.040000000000000036,12.2,12.2,11.8,11.475000000000001,73.64574135384618,73.80990500693879,10.536901750485317,1.0197453127407776,2.222872485150895,5.099745312740778,11.460744912883138,0.1084024336203984,11.28243877677226,11.639051048994016,11.248280047150663,11.673209778615613,75.20728644214218,0.21695931568944413,74.85042012482948,75.56415275945487,74.78205399728041,75.63251888700394,0.7392550871168613,-1.5615450882960005
2009-09-01,-1.02,-0.10000000000000009,0.0,0.03000000000000025,12.9,12.2,12.2,11.525,73.9254767365328,73.64574135384618,-6.957744520378384,0.14402902002796392,2.801021957034555,4.224029020027964,11.468640136889503,0.10840235176663796,11.29033413541608,11.646946138362926,11.256175431587451,11.681104842191555,75.00741272122376,0.21695926215618747,74.65054649196544,75.36427895048207,74.58218038128524,75.43264506116228,1.4313598631104973,-1.0819359846909578
2009-10-01,-1.4300000000000002,-0.41000000000000014,-0.10000000000000009,0.0,13.0,12.9,12.2,11.6,75.19940220562498,73.9254767365328,8.15034163383821,0.16607557931816475,3.0551244602191385,4.146075579318165,11.483682910777224,0.1084022893024951,11.305377012048172,11.661988809506276,11.271218327902643,11.696147493651806,74.87303441748132,0.21695922150478855,74.5161682550886,75.22990057987404,74.44780215721809,75.29826667774455,1.5163170892227757,0.3263677881436564
2009-11-01,-1.54,-0.10999999999999988,-0.41000000000000014,-0.10000000000000009,12.5,13.0,12.9,11.666666666666666,76.34636870319586,75.19940220562498,4.817860474039559,1.4491831093318264,2.5015114089786294,5.019183109331826,11.506773042316023,0.1084022416349437,11.328467221993117,11.68507886263893,11.294308552868126,11.719237531763921,74.91503054878048,0.21695919063542968,74.55816443716334,75.27189666039762,74.48979834902008,75.34026274854088,0.9932269576839765,1.4313381544153856
2009-12-01,-1.94,-0.3999999999999999,-0.10999999999999988,-0.41000000000000014,12.1,12.5,13.0,11.741666666666665,75.58776086645686,76.34636870319586,-3.1074376279000226,1.6954652205325402,2.4856158932935246,5.15546522053254,11.53513159101297,0.10840220525895324,11.356825830523242,11.713437351502698,11.322667172860703,11.747596009165237,75.10270956586265,0.21695916719422034,74.74584349280286,75.45957563892244,74.67747741204617,75.52794171967913,0.5648684089870297,0.48505130059420765
2010-01-01,-0.020000000000000018,1.92,-0.3999999999999999,-0.10999999999999988,12.7,12.1,12.5,11.795833333333334,72.73842292245918,75.58776086645686,2.3702125374370553,2.420266260772626,3.304782970813669,5.480266260772626,11.577971043914076,0.10840217749976575,11.399665329084149,11.756276758744002,11.365506680168817,11.790435407659334,75.13594117119352,0.21695914939369937,74.779075127413,75.49280721497405,74.71070905226543,75.56117329012162,1.1220289560859236,-2.397518248734343
2010-02-01,-0.3700000000000001,-0.3500000000000001,1.92,-0.3999999999999999,11.5,12.7,12.1,11.866666666666667,75.2,72.73842292245918,-2.929005256856154,2.2611982182986927,3.2717975599986238,5.241198218298693,11.611673396553895,0.10840215631622169,11.433367716567798,11.789979076539993,11.399209074327619,11.824137718780172,74.83619771858802,0.21695913587653143,74.47933169704126,75.19306374013479,74.41096562615309,75.26142981102296,-0.11167339655389519,0.3638022814119779
2010-03-01,-0.7400000000000002,-0.3700000000000001,-0.3500000000000001,1.92,12.0,11.5,12.7,11.887500000000001,75.58911527540319,75.2,6.648338392782893,1.7644097833766184,2.8828693754477275,4.394409783376618,11.642771810730197,0.10840214015067315,11.46446615733406,11.821077464126335,11.430307520187815,11.85523610127258,74.89392409537217,0.2169591256120028,74.53705809070905,75.25079010003529,74.46869202305534,75.319156167689,0.3572281892698026,0.6951911800310171
2010-04-01,-0.8999999999999999,-0.1599999999999997,-0.3700000000000001,-0.3500000000000001,12.3,12.0,11.5,11.916666666666666,76.12513729411884,75.58911527540319,7.0312940861480655,1.6182754279633071,2.4471025198623764,3.878275427963307,11.67736613747298,0.10840212781444959,11.499060504368126,11.855671770577834,11.46490187110915,11.88983040383681,74.98323043352018,0.21695911781742466,74.62636444167799,75.34009642536236,74.55799837648044,75.40846249055991,0.6226338625270209,1.1419068605986666
2010-05-01,-0.9100000000000001,-0.010000000000000231,-0.1599999999999997,-0.3700000000000001,12.2,12.3,12.0,11.970833333333333,77.2,76.12513729411884,-10.770601107677269,0.7216087225048535,1.5892847961334722,2.8216087225048536,11.714774631559745,0.10840211840045419,11.536469013939536,11.893080249179954,11.502310383647009,11.927238879472482,75.12890090059298,0.21695911189844932,74.77203491848665,75.48576688269931,74.70366885515422,75.55413294603174,0.4852253684402541,2.0710990994070215
2010-06-01,-0.98,-0.06999999999999984,-0.010000000000000231,-0.1599999999999997,12.2,12.2,12.3,12.029166666666667,76.2,77.2,-1.7542904087549438,-0.2730622640460503,1.631143875017349,1.8169377359539496,11.754419476284712,0.10840211121646451,11.576113870481112,11.93272508208831,11.541955242452335,11.966883710117088,75.39509078248136,0.21695910740374888,75.03822480776815,75.75195675719458,74.96985874585205,75.82032281911067,0.44558052371528767,0.8049092175186416
2010-07-01,-1.11,-0.13000000000000012,-0.06999999999999984,-0.010000000000000231,12.2,12.2,12.2,12.054166666666665,75.5,76.2,-0.4003219957646742,-0.18865122753062336,1.93982949893865,1.8313487724693767,11.791876709487637,0.10840210573423278,11.613571112701507,11.970182306273767,11.579412486400237,12.004340932575037,75.49967065968593,0.21695910399059953,75.14280469058686,75.85653662878501,75.07443862974628,75.92490268962558,0.4081232905123624,0.0003293403140673945
2010-08-01,-1.13,-0.019999999999999796,-0.13000000000000012,-0.06999999999999984,11.7,12.2,12.2,12.075000000000001,77.6,75.5,2.306943830466146,0.3328724851508953,2.0979129901139926,2.222872485150895,11.827610806575597,0.10840210155064343,11.649305216670859,12.005916396480336,11.615146591687882,12.040075021463313,75.4998220244924,0.21695910139874786,75.14295605965654,75.85668798932826,75.07458999963268,75.92505404935213,-0.1276108065755981,2.1001779755075916
2010-09-01,-1.11,0.019999999999999796,-0.019999999999999796,-0.13000000000000012,11.4,11.7,12.2,12.075000000000001,77.7,77.6,1.6746404313797925,0.931021957034555,2.3730007633187666,2.801021957034555,11.858943498164557,0.10840209835807156,11.680637913511132,12.037249082817981,11.646479289534168,12.071407706794945,75.76929612560708,0.2169590994305656,75.4124301640086,76.12616208720557,75.34406410460493,76.19452814660924,-0.4589434981645564,1.9307038743929184
2010-10-01,-1.08,0.030000000000000027,0.019999999999999796,-0.019999999999999796,11.7,11.4,11.7,12.075000000000001,78.6,77.7,6.323573834513585,1.1651244602191386,2.058970809154892,3.0551244602191385,11.886203534031226,0.10840209592176299,11.707897953385173,12.06450911467728,11.673739330175914,12.098667737886538,76.01734125395632,0.21695909793598,75.6604752948162,76.37420721309644,75.5921092358835,76.44257327202914,-0.18620353403122714,2.582658746043677
2010-11-01,-1.05,0.030000000000000027,0.030000000000000027,0.019999999999999796,12.0,11.7,11.4,12.087499999999999,75.5,78.6,3.0920800402507886,0.5815114089786295,2.1731823861532718,2.5015114089786294,11.911900261919202,0.10840209406257255,11.733594684331244,12.09020583950716,11.699436061707837,12.124364462130567,76.34822329075061,0.21695909680103034,75.99135733347732,76.7050892480239,75.92299127490224,76.77345530659898,0.08809973808079796,-0.8482232907506102
2010-12-01,-0.94,0.1100000000000001,0.030000000000000027,0.030000000000000027,12.0,12.0,11.7,12.083333333333334,76.3,75.5,6.835336833646455,0.5356158932935247,2.7453895395357364,2.4856158932935246,11.934142011562702,0.1084020926437913,11.755836436308433,12.112447586816971,11.721677814132097,12.146606208993308,76.2375892157551,0.21695909593917828,75.88072325989943,76.59445517161076,75.81235720159593,76.66282122991426,0.06585798843729762,0.06241078424490354
2011-01-01,-0.96,-0.020000000000000018,0.1100000000000001,0.030000000000000027,11.7,12.0,12.0,12.1,75.3,76.3,4.919910430252017,1.2447829708136688,3.522268209868873,3.304782970813669,11.955005803665538,0.1084020915610942,11.776700230192146,12.133311377138929,11.74254160835698,12.167469998974095,76.24587252290705,0.21695909528470916,75.88900656812788,76.60273847768622,75.82064051003063,76.67110453578347,-0.25500580366553827,-0.9458725229070524
2011-02-01,-0.9300000000000002,0.029999999999999805,-0.020000000000000018,0.1100000000000001,11.8,11.7,12.0,12.079166666666666,76.7,75.3,7.094531424549011,1.2317975599986237,3.527409291301953,3.2717975599986238,11.970728543726752,0.10840209073486891,11.79242297161238,12.149034115841124,11.758264350037566,12.183192737415938,76.12430218706861,0.21695909478772113,75.76743623310692,76.4811681410303,75.69907017516627,76.54953419897095,-0.17072854372675117,0.575697812931395
2011-03-01,-0.8799999999999999,0.050000000000000266,0.029999999999999805,-0.020000000000000018,11.0,11.8,11.7,12.087499999999999,77.1,76.7,9.737506020801412,0.8128693754477276,3.1927345801459506,2.8828693754477275,11.985644864312212,0.1084020901043618,11.807339293234932,12.163950435389491,11.773180671858796,12.198109056765627,76.19775358769546,0.21695909441032016,75.84088763435453,76.55461954103639,75.77252157653281,76.62298559885811,-0.9856448643122118,0.9022464123045353
2011-04-01,-0.8300000000000001,0.04999999999999982,0.050000000000000266,0.029999999999999805,11.1,11.0,11.8,12.0375,75.9,77.1,7.084625285285107,0.32710251986237626,2.903391041767378,2.4471025198623764,11.992410756796977,0.10840208962321073,11.814105186511119,12.170716327082834,11.7799465652866,12.204874948307353,76.31298832666597,0.21695909412373054,75.95612237379645,76.6698542795355,75.88775631606502,76.73822033726692,-0.892410756796977,-0.4129883266659675
2011-05-01,-0.8300000000000001,0.0,0.04999999999999982,0.050000000000000266,11.5,11.1,11.0,12.0,78.3,75.9,-7.215450053448258,-0.5807152038665278,2.8136472207654473,1.5892847961334722,11.993046227765241,0.1084020892560359,11.814740658083332,12.17135179744715,11.780582036974515,12.205510418555967,76.26090281166752,0.21695909390610083,75.90403685915597,76.61776876417908,75.83567080149312,76.68613482184192,-0.493046227765241,2.0390971883324767
2011-06-01,-0.6800000000000002,0.1499999999999999,0.0,0.04999999999999982,11.3,11.5,11.1,11.987499999999999,77.2,78.3,-0.5428523356228787,-0.5388561249826509,3.0203927064387903,1.631143875017349,11.992941498640464,0.10840208897583835,11.81463592941944,12.171247067861488,11.780477308398915,12.205405688882013,76.52100778231673,0.2169590937408376,76.16414183007701,76.87787373455645,76.09577577246624,76.94623979216722,-0.6929414986404634,0.6789922176832732
2011-07-01,-0.6099999999999999,0.07000000000000028,0.1499999999999999,0.0,11.1,11.3,11.5,11.966666666666667,76.7,77.2,2.473884961840511,-0.38017050106134986,3.1850302289529564,1.93982949893865,11.989832862240482,0.10840208876201471,11.811527293371165,12.168138431109798,11.777368672418019,12.202297052062944,76.60758230122953,0.21695909361534024,76.25071634919622,76.96444825326283,76.18235029162501,77.03281431083404,-0.8898328622404819,0.09241769877047545
2011-08-01,-0.7599999999999998,-0.1499999999999999,0.07000000000000028,0.1499999999999999,10.8,11.1,11.3,11.920833333333333,78.3,76.7,-6.026747972721136,-0.29208700988600755,3.1338881823898435,2.0979129901139926,11.979893776112375,0.10840208859884216,11.801588207511454,12.158199344713296,11.767429586609724,12.192357965615026,76.62303457116222,0.21695909352004014,76.26616861928568,76.97990052303876,76.19780256174448,77.04826658057996,-1.1798937761123742,1.676965428837775
2011-09-01,-0.69,0.06999999999999984,-0.1499999999999999,0.07000000000000028,10.5,10.8,11.1,11.862499999999999,78.0,78.3,-0.01918469028057146,0.13300076331876642,2.803945881466574,2.3730007633187666,11.965200073553586,0.10840208847432235,11.786894505157482,12.14350564194969,11.752735884294989,12.177664262812183,76.83797864852552,0.21695909344767114,76.48111269676802,77.19484460028302,76.41274663924962,77.26321065780142,-1.4652000735535857,1.162021351474479
2011-10-01,-0.5899999999999999,0.10000000000000009,0.06999999999999984,-0.1499999999999999,10.6,10.5,10.8,11.762500000000001,79.7,78.0,-1.0227578387546288,-0.2510291908451081,3.4168630713064196,2.058970809154892,11.939837244205064,0.1084020883792991,11.76153167596526,12.118142812444868,11.72737305513271,12.152301433277419,76.98647568040532,0.21695909339271555,76.6296097287382,77.34334163207244,76.56124367123714,77.4117076895735,-1.3398372442050643,2.7135243195946828
2011-11-01,-0.43000000000000016,0.1599999999999997,0.10000000000000009,0.06999999999999984,10.5,10.6,10.5,11.662500000000001,76.4,79.7,1.5548582873908146,-0.2368176138467284,3.749754468670208,2.1731823861532718,11.905403995924882,0.10840208830678523,11.727098427804352,12.083709564045412,11.692939806994652,12.117868184855112,77.33315617022191,0.21695909335098335,76.97629021862345,77.69002212182038,76.90792416113553,77.7583881793083,-1.4054039959248819,-0.9331561702219062
2011-12-01,-0.2999999999999998,0.13000000000000034,0.1599999999999997,0.10000000000000009,10.7,10.5,10.6,11.579166666666667,75.0,76.4,-2.5375569382908303,0.17538953953573655,3.723534901999326,2.7453895395357364,11.864659310969147,0.10840208825144865,11.686353742939637,12.042964878998657,11.652195122147376,12.077123499790918,77.21193277386074,0.21695909331929264,76.8550668223144,77.56879872540708,76.78670076483645,77.63716478288502,-1.1646593109691477,-2.211932773860738
2012-01-01,-0.2799999999999998,0.020000000000000018,0.13000000000000034,0.1599999999999997,10.7,10.7,10.5,11.520833333333334,75.1,75.0,3.403563163321177,0.8222682098688727,3.5726747084039445,3.522268209868873,11.821119386045416,0.10840208820922034,11.642813818085367,11.999424954005464,11.60865519730641,12.033583574784421,76.92817472833872,0.2169590932952273,76.57130877683196,77.28504067984548,76.50294271936161,77.35340673731582,-1.1211193860454163,-1.8281747283387233
2012-02-01,-0.27,0.009999999999999787,0.020000000000000018,0.13000000000000034,10.7,10.7,10.7,11.4375,77.8,75.1,6.6030144708542515,0.8074092913019526,3.749093308660978,3.527409291301953,11.772385422938509,0.10840208817699519,11.594079855031465,11.950690990845553,11.559921234262664,11.984849611614354,76.69418576650453,0.2169590932769525,76.33731981502784,77.05105171798122,76.26895375756324,77.11941777544583,-1.0723854229385097,1.1058142334954653
2012-03-01,-0.2599999999999998,0.010000000000000231,0.009999999999999787,0.020000000000000018,10.5,10.7,10.7,11.404166666666667,76.4,77.8,4.503587900184325,0.4627345801459506,3.341569559899904,3.1927345801459506,11.725861177452916,0.10840208815240363,11.547555609586322,11.904166745319511,11.513396988825269,11.938325366080564,76.83619540979993,0.21695909326307491,76.47932945834606,77.1930613612538,76.41096340088583,77.26142741871402,-1.2258611774529165,-0.43619540979992166
2012-04-01,-0.1299999999999999,0.1299999999999999,0.010000000000000231,0.009999999999999787,10.9,10.5,10.7,11.341666666666667,75.0,76.4,-3.312573326758539,0.16339104176737784,2.6450281922076213,2.903391041767378,11.678019525040227,0.10840208813363739,11.4997139572045,11.856325092875954,11.465555336449361,11.890483713631093,76.77812786330328,0.2169590932525365,76.42126191186675,77.13499381473981,76.35289585440984,77.20335987219673,-0.7780195250402269,-1.7781278633032827
2012-05-01,-0.14000000000000012,-0.010000000000000231,0.1299999999999999,0.010000000000000231,10.9,10.9,10.5,11.283333333333333,76.0,75.0,-8.843627973986035,-0.05635277923455284,2.597394181437118,2.8136472207654473,11.627945957291534,0.10840208811931652,11.449640389479363,11.806251525103704,11.415481768728736,11.840410145854332,76.55039368125007,0.2169590932445338,76.1935277298267,76.90725963267344,76.12516167237231,76.97562569012783,-0.7279459572915332,-0.5503936812500712
2012-06-01,-0.20999999999999996,-0.06999999999999984,-0.010000000000000231,0.1299999999999999,10.5,10.9,10.9,11.229166666666666,77.0,76.0,-13.951245895531272,0.16039270643879044,2.603438278132142,3.0203927064387903,11.576834119176649,0.10840208810838806,11.398528551382453,11.755139686970844,11.36436993063527,11.789298307718028,76.48185043760242,0.21695909323845666,76.12498448618904,76.8387163890158,76.05661842873657,76.90708244646827,-1.0768341191766488,0.518149562397582
2012-07-01,-0.18000000000000016,0.029999999999999805,-0.06999999999999984,-0.010000000000000231,10.6,10.5,10.9,11.158333333333333,78.0,77.0,6.845326528706597,0.39503022895295636,2.297141609769704,3.1850302289529564,11.524033321074256,0.10840208810004835,11.34572775329378,11.702338888854733,11.311569132549224,11.736497509599289,76.5481700917448,0.21695909323384177,76.191304140339,76.90503604315059,76.122938082888,76.97340210060159,-0.9240333210742566,1.4518299082552062
2012-08-01,-0.06999999999999984,0.11000000000000032,0.029999999999999805,-0.06999999999999984,10.3,10.6,10.5,11.091666666666667,77.9,78.0,9.249426859525745,0.3138881823898436,2.247266571590889,3.1338881823898435,11.469878867021915,0.10840208809368417,11.291573299251906,11.648184434791924,11.257414678509356,11.682343055534474,76.73322118042702,0.2169590932303373,76.376355229027,77.09008713182705,76.30798917157709,77.15845318927695,-1.1698788670219145,1.1667788195729827
2012-09-01,-0.009999999999999787,0.06000000000000005,0.11000000000000032,0.029999999999999805,10.7,10.3,10.6,11.033333333333333,78.0,77.9,0.31521497646398444,-0.12605411853342607,2.545748116254032,2.803945881466574,11.414770665567534,0.10840208808882756,11.236465097805514,11.593076233329555,11.202306477064495,11.627234854070574,76.88291646958176,0.21695909322767604,76.52605051818611,77.2397824209774,76.45768446073704,77.30814847842647,-0.714770665567535,1.1170835304182418
2012-10-01,0.009999999999999787,0.019999999999999574,0.06000000000000005,0.11000000000000032,10.5,10.7,10.3,11.004166666666668,78.9,78.0,-1.3484711399078364,0.42686307130641943,3.2014565092872926,3.4168630713064196,11.362565830817205,0.10840208808512139,11.18426026306128,11.540871398573131,11.15010164232143,11.575030019312981,77.02732830022187,0.21695909322565513,76.67046234882955,77.38419425161419,76.60209629138112,77.45256030906262,-0.8625658308172053,1.872671699778138
2012-11-01,-0.10000000000000009,-0.10999999999999988,0.019999999999999574,0.06000000000000005,10.6,10.5,10.7,10.954166666666666,78.4,78.9,-1.8030362764955399,0.739754468670208,3.526964819068068,3.749754468670208,11.310183356417562,0.10840208808229315,11.131877788666289,11.488488924168836,11.097719167927329,11.522647544907796,77.27010912531257,0.21695909322412046,76.91324317392278,77.62697507670237,76.84487711647483,77.69534113415031,-0.7101833564175628,1.1298908746874332
2012-12-01,-0.22999999999999998,-0.1299999999999999,-0.10999999999999988,0.019999999999999574,10.5,10.6,10.5,10.895833333333334,76.7,78.4,-0.30245727321585036,0.8235349019993259,2.886062118404431,3.723534901999326,11.257284617027953,0.10840208808013488,11.07897904928023,11.435590184775675,11.04482042854195,11.469748805513955,77.41681307568533,0.21695909322295506,77.05994712429745,77.7736790270732,76.99158106684986,77.84204508452079,-0.7572846170279526,-0.716813075685323
2013-01-01,-0.3900000000000001,-0.16000000000000014,-0.1299999999999999,-0.10999999999999988,10.2,10.5,10.6,10.833333333333334,74.9,76.7,2.8231256514494873,0.8026747084039445,2.3605838003538215,3.5726747084039445,11.20336466528563,0.10840208807848786,11.025059097540616,11.381670233030643,10.990900476802855,11.415828853768405,77.32580635376443,0.21695909322207005,76.96894040237801,77.68267230515086,76.9005743449307,77.75103836259817,-1.0033646652856305,-2.425806353764429
2013-02-01,-0.4900000000000002,-0.10000000000000009,-0.16000000000000014,-0.1299999999999999,10.5,10.2,10.5,10.770833333333334,73.7,74.9,3.283472784561159,1.139093308660978,2.4060684898354223,3.749093308660978,11.148806523520575,0.108402088077231,10.970500955777629,11.32711209126352,10.936342335040264,11.361270712000886,77.01402789002246,0.21695909322139795,76.65716193863715,77.37089384140778,76.58879588119005,77.43925989885487,-0.6488065235205749,-3.3140278900224587
2013-03-01,-0.3500000000000001,0.14000000000000012,-0.10000000000000009,-0.16000000000000014,10.3,10.5,10.2,10.716666666666667,73.9,73.7,-5.790695851577787,0.8315695598999042,2.3877889582295753,3.341569559899904,11.095278372999807,0.10840208807627186,10.916972805258439,11.273583940741176,10.882814184521376,11.30774256147824,76.58530934392951,0.2169590932208876,76.22844339254503,76.94217529531399,76.1600773350981,77.01054135276092,-0.7952783729998067,-2.6853093439295037
2013-04-01,-0.43000000000000016,-0.08000000000000007,0.14000000000000012,-0.10000000000000009,10.3,10.3,10.5,10.6875,74.5,73.9,-5.7461325011953335,-0.004971807792378602,2.2157895366075264,2.6450281922076213,11.043480977600817,0.10840208807553993,10.865175409860653,11.221786545340981,10.83101678912382,11.255945166077813,76.24128245233132,0.21695909322050005,75.88441650094748,76.59814840371516,75.81605044350067,76.66651446116197,-0.7434809776008162,-1.741282452331319
2013-05-01,-0.43000000000000016,0.0,-0.08000000000000007,0.14000000000000012,9.8,10.3,10.3,10.654166666666667,75.4,74.5,-0.14366443474429502,0.02739418143711836,2.3518076900705953,2.597394181437118,10.994170140164279,0.10840208807498139,10.815864572425033,11.172475707903525,10.781705951688377,11.206634328640181,76.01803326090447,0.21695909322020576,75.66116730952112,76.37489921228783,75.59280125207441,76.44326526973454,-1.1941701401642781,-0.6180332609044683
2013-06-01,-0.3599999999999999,0.07000000000000028,0.0,-0.08000000000000007,9.8,9.8,10.3,10.583333333333334,75.2,75.4,0.062413160723195915,0.03343827813214206,1.7244930033926353,2.603438278132142,10.942689180453705,0.10840208807455516,10.76438361271516,11.120994748192249,10.730224991978638,11.155153368928772,75.93741641962045,0.21695909321998225,75.58055046823746,76.29428237100343,75.51218441079081,76.36264842845009,-1.1426891804537043,-0.7374164196204447
2013-07-01,-0.2400000000000002,0.11999999999999966,0.07000000000000028,0.0,9.7,9.8,9.8,10.520833333333334,77.4588631717525,75.2,3.877694279684629,-0.3428583902302962,1.9857766622218609,2.297141609769704,10.889727654182087,0.1084020880742299,10.711422086444077,11.068033221920096,10.677263465707657,11.102191842656516,75.84172811444438,0.2169590932198125,75.48486216306166,76.1985940658271,75.41649610561508,76.26696012327368,-1.1897276541820876,1.6171350573081185
2013-08-01,-0.2400000000000002,0.0,0.11999999999999966,0.07000000000000028,9.9,9.7,9.8,10.4625,76.2092666262914,77.4588631717525,2.7743556636751876,-0.5127334284091107,2.130364623233527,2.247266571590889,10.83556168831814,0.10840208807398169,10.65725612058054,11.013867256055741,10.623097499844198,11.048025876792083,76.04994642611943,0.21695909321968362,75.69308047473693,76.40681237750194,75.62471441729039,76.47517843494848,-0.9355616883181401,0.1593202001719618
2013-09-01,-0.27,-0.029999999999999805,0.0,0.11999999999999966,9.7,9.9,9.7,10.425,78.5834460985285,76.2092666262914,0.7268024727746791,-0.21425188374596793,2.340003201162699,2.545748116254032,10.783120515294998,0.10840208807379226,10.604814947557708,10.961426083032288,10.570656326821426,10.99558470376857,76.07207474241558,0.21695909321958576,75.71520879103325,76.42894069379791,75.64684273358672,76.49730675124444,-1.0831205152949988,2.5113713561129174
2013-10-01,-0.33999999999999986,-0.06999999999999984,-0.029999999999999805,0.0,9.4,9.7,9.9,10.391666666666667,79.0492685939247,78.5834460985285,-1.644229710795564,0.47145650928729266,2.439220593493041,3.2014565092872926,10.732971874957652,0.10840208807364772,10.5546663072206,10.911277442694704,10.520507686484363,10.945436063430941,76.39660269792911,0.21695909321951143,76.0397367465469,76.75346864931133,75.9713706891004,76.82183470675783,-1.3329718749576518,2.6526658959955824
2013-11-01,-0.33000000000000007,0.009999999999999787,-0.06999999999999984,-0.029999999999999805,9.8,9.4,9.7,10.341666666666667,77.6991660532069,79.0492685939247,-1.4140248960406332,0.8669648190680679,2.1842105263157885,3.526964819068068,10.683485145760784,0.1084020880735374,10.505179578023913,10.861790713497655,10.471020957287712,10.895949334233856,76.73738780055028,0.216959093219455,76.38052184916816,77.0942537519324,76.31215579172168,77.16261980937888,-0.8834851457607833,0.9617782526566145
2013-12-01,-0.27,0.06000000000000005,0.009999999999999787,-0.06999999999999984,9.2,9.8,9.4,10.3125,76.5609509713729,77.6991660532069,2.5600868387584796,0.21606211840443112,2.3562772711293034,2.886062118404431,10.63691236681148,0.10840208807345322,10.458606799074747,10.815217934548212,10.424448178338572,10.849376555284387,76.86001749933783,0.2169590932194121,76.50315154795578,77.21688345071988,76.43478549050931,77.28524950816634,-1.4369123668114803,-0.29906652796492494
2014-01-01,-0.2799999999999998,-0.009999999999999787,0.06000000000000005,0.009999999999999787,9.4,9.2,9.8,10.25,76.6351248251084,76.5609509713729,-3.1410965538677615,-0.36941619964617844,2.737776525292368,2.3605838003538215,10.587848784564034,0.10840208807338898,10.409543216827407,10.766154352300662,10.375384596091253,10.800312973036815,76.82213789183248,0.21695909321937956,76.46527194045048,77.17900384321449,76.39690588300402,77.24736990066094,-1.187848784564034,-0.18701306672407725
2014-02-01,-0.18999999999999995,0.08999999999999986,-0.009999999999999787,0.06000000000000005,9.6,9.4,9.2,10.195833333333335,75.9990695305325,76.6351248251084,1.4402893317646104,-0.3139315101645779,2.8505928464022556,2.4060684898354223,10.538740223447645,0.10840208807333997,10.3604346557111,10.71704579118419,10.32627603497496,10.75120441192033,76.7968876394433,0.21695909321935486,76.44002168806134,77.15375359082526,76.3716556306149,77.2221196482717,-0.9387402234476454,-0.7978181089108034
2014-03-01,-0.18999999999999995,0.0,0.08999999999999986,-0.009999999999999787,9.7,9.6,9.4,10.15,74.7195130220114,75.9990695305325,-1.0036922643878121,-0.4222110417704248,2.593340557580559,2.3877889582295753,10.489738300303006,0.10840208807330257,10.311432732566521,10.668043868039492,10.277274111830394,10.702202488775619,76.69410129650808,0.21695909321933607,76.33723534512615,77.05096724789001,76.2688692876797,77.11933330533645,-0.7897383003030072,-1.974588274496682
2014-04-01,-0.14000000000000012,0.04999999999999982,0.0,0.08999999999999986,9.3,9.7,9.6,10.116666666666665,76.6093271698656,74.7195130220114,0.316816220518934,-0.5942104633924736,2.461206517408554,2.2157895366075264,10.442678892640446,0.10840208807327402,10.264373324904009,10.620984460376883,10.23021470416789,10.655143081113001,76.44030700669369,0.21695909321932177,76.08344105531178,76.79717295807559,76.01507499786534,76.86553901552203,-1.1426788926404452,0.1690201631719077
2014-05-01,-0.029999999999999805,0.11000000000000032,0.04999999999999982,0.0,9.0,9.3,9.7,10.05,77.7709871665038,76.6093271698656,1.0574761182776449,-0.5081923099294046,2.515696826998548,2.3518076900705953,10.393357239120718,0.10840208807325223,10.215051671384316,10.57166280685712,10.180893050648205,10.60582142759323,76.4611567379439,0.21695909321931098,76.104290786562,76.81802268932579,76.03592472911558,76.88638874677221,-1.3933572391207178,1.3098304285599056
2014-06-01,-0.16000000000000014,-0.13000000000000034,0.11000000000000032,0.04999999999999982,9.8,9.0,9.3,9.970833333333333,75.5791875626332,77.7709871665038,2.4666486296649914,-1.2455069966073649,2.702467043417145,1.7244930033926353,10.339393726935922,0.1084020880732356,10.161088159199547,10.517699294672298,10.126929538463441,10.551857915408403,76.63106196592159,0.21695909321930276,76.27419601453971,76.98792791730347,76.20582995709329,77.05629397474989,-0.5393937269359217,-1.0518744032883944
2014-07-01,-0.4700000000000002,-0.31000000000000005,-0.13000000000000034,0.11000000000000032,9.3,9.8,9.0,9.941666666666666,78.3020171693123,75.5791875626332,-3.4360726829813615,-0.854223337778139,2.7181907722220178,1.9857766622218609,10.287432720602862,0.10840208807322292,10.109127152866508,10.465738288339216,10.074968532130406,10.499896909075318,76.5010024836554,0.21695909321929652,76.14413653227354,76.85786843503726,76.07577047482711,76.92623449248369,-0.987432720602861,1.8010146856568952
2014-08-01,-0.41999999999999993,0.050000000000000266,-0.31000000000000005,-0.13000000000000034,9.4,9.3,9.8,9.887500000000001,76.3763427682581,78.3020171693123,-4.528122077617258,-0.39963537676647265,2.8307148833317752,2.130364623233527,10.237515599088502,0.10840208807321323,10.059210031352164,10.41582116682484,10.025051410616065,10.449979787560938,76.73048544125231,0.2169590932192918,76.37361948987046,77.08735139263416,76.30525343242404,77.15571745008059,-0.8375155990885013,-0.35414267299421454
2014-09-01,-0.45999999999999996,-0.040000000000000036,0.050000000000000266,-0.31000000000000005,9.1,9.4,9.3,9.85,76.5846306589656,76.3763427682581,-4.779655762420454,-0.23999679883730085,2.6083784817671596,2.340003201162699,10.188612509116163,0.10840208807320584,10.010306941379838,10.366918076852489,9.976148320643741,10.401076697588586,76.684838459051,0.2169590932192882,76.32797250766914,77.04170441043284,76.25960645022272,77.11007046787927,-1.0886125091161638,-0.10020780008539987
2014-10-01,-0.3999999999999999,0.06000000000000005,-0.040000000000000036,0.050000000000000266,9.2,9.1,9.4,9.783333333333333,77.9146843210849,76.5846306589656,-11.28670586531575,-0.10077940650695894,2.7852770575499175,2.439220593493041,10.13739802669127,0.1084020880732002,9.959092458954954,10.315703594427587,9.924933838218859,10.349862215163682,76.671997728352,0.21695909321928547,76.31513177697015,77.02886367973385,76.24676571952372,77.09722973718027,-0.9373980266912714,1.242686592732909
2014-11-01,-0.3900000000000001,0.009999999999999787,0.06000000000000005,-0.040000000000000036,9.4,9.2,9.1,9.729166666666666,75.9333783614389,77.9146843210849,-10.052154891481546,-0.4157894736842116,2.937115601857676,2.1842105263157885,10.085864673858156,0.1084020880731959,9.907559106121846,10.264170241594465,9.873400485385753,10.298328862330559,76.8314482108134,0.2169590932192834,76.47458225943157,77.18831416219524,76.40621620198515,77.25668021964167,-0.6858646738581555,-0.8980698493745081
2014-12-01,-0.18000000000000016,0.20999999999999996,0.009999999999999787,0.06000000000000005,9.6,9.4,9.2,9.679166666666665,76.0641254932576,75.9333783614389,-23.002454034394404,-0.25372272887069647,3.5925178419092374,2.3562772711293034,10.035270515113767,0.10840208807319261,9.856964947377463,10.213576082850071,9.822806326641372,10.247734703586163,76.71380208985099,0.2169590932192818,76.35693613846915,77.07066804123282,76.28857008102273,77.13903409867925,-0.4352705151137677,-0.6496765965933804
2015-01-01,-0.020000000000000018,0.16000000000000014,0.20999999999999996,0.009999999999999787,9.0,9.6,9.4,9.641666666666666,68.663122108109,76.0641254932576,-24.01806390443508,-0.0822234747076318,4.057958129147998,2.737776525292368,9.986608481194697,0.1084020880731901,9.808302913458398,10.164914048930996,9.774144292722305,10.199072669667089,76.62723870749042,0.2169590932192806,76.27037275610859,76.98410465887225,76.20200669866216,77.05247071631868,-0.9866084811946969,-7.964116599381427
2015-02-01,0.31999999999999984,0.33999999999999986,0.16000000000000014,0.20999999999999996,8.8,9.0,9.6,9.591666666666667,70.4497235752959,68.663122108109,16.688364855429903,-0.12940715359774435,4.078729426043193,2.8505928464022556,9.938528727305911,0.10840208807318819,9.760223159569614,10.116834295042208,9.726064538833523,10.1509929157783,75.59917419571386,0.2169590932192797,75.24230824433202,75.95604014709569,75.1739421868856,76.02440620454212,-1.1385287273059106,-5.1494506204179515
2015-03-01,0.45999999999999996,0.14000000000000012,0.33999999999999986,0.16000000000000014,8.9,8.8,9.0,9.520833333333334,72.4375372523064,70.4497235752959,-3.2082684366346648,-0.7266594424194408,4.16799805723489,2.593340557580559,9.886150546610489,0.10840208807318673,9.707844978874196,10.064456114346783,9.673686358138104,10.098614735082874,74.93673774877963,0.216959093219279,74.5798717973978,75.29360370016147,74.51150573995137,75.3619697576079,-0.9861505466104887,-2.499200496473236
2015-04-01,0.69,0.22999999999999998,0.14000000000000012,0.33999999999999986,9.8,8.9,8.8,9.4625,69.5777549138979,72.4375372523064,7.112208436327361,-0.998793482591446,3.653358932742168,2.461206517408554,9.833854670111245,0.10840208807318563,9.655549102374954,10.012160237847537,9.621390481638862,10.046318858583628,74.61218798740927,0.2169590932192785,74.25532203602744,74.9690539387911,74.18695597858101,75.03741999623753,-0.033854670111244545,-5.034433073511366
2015-05-01,0.7999999999999998,0.10999999999999988,0.22999999999999998,0.14000000000000012,9.2,9.8,8.9,9.441666666666668,72.3004464333459,69.5777549138979,7.061013216310563,-1.174303173001452,3.6132217459912574,2.515696826998548,9.784763667813861,0.10840208807318479,9.60645810007757,9.963069235550153,9.57229947934148,9.997227856286242,73.96433259020635,0.2169590932192781,73.60746663882452,74.32119854158819,73.5391005813781,74.38956459903461,-0.5847636678138617,-1.6638861568604568
2015-06-01,1.0499999999999998,0.25,0.10999999999999988,0.22999999999999998,8.9,9.2,9.8,9.416666666666666,71.8401873128957,72.3004464333459,-2.869438556328241,-1.0975329565828549,3.495182021208465,2.702467043417145,9.7392556205762,0.10840208807318415,9.56095005283991,9.91756118831249,9.52679143210382,9.95171980904858,73.74772933317973,0.21695909321927778,73.3908633817979,74.10459528456157,73.32249732435149,74.17296134200798,-0.8392556205761998,-1.9075420202840405
2015-07-01,1.2400000000000002,0.1900000000000004,0.25,0.10999999999999988,8.9,8.9,9.2,9.379166666666668,72.808668118202,71.8401873128957,-11.61035143362179,-1.331809227777982,3.210503188083491,2.7181907722220178,9.694325820088498,0.10840208807318366,9.516020252352208,9.872631387824788,9.481861631616118,9.906790008560877,73.50110890354478,0.21695909321927756,73.14424295216294,73.85797485492661,73.07587689471653,73.92634091237302,-0.7943258200884973,-0.6924407853427823
2015-08-01,1.4699999999999998,0.22999999999999954,0.1900000000000004,0.25,9.5,8.9,8.9,9.345833333333333,72.5104791924239,72.808668118202,-16.34308818607595,-1.409285116668225,3.8457936631808964,2.8307148833317752,9.650986416404843,0.10840208807318327,9.472680848668555,9.82929198414113,9.438522227932465,9.86345060487722,73.41016020713023,0.21695909321927737,73.0532942557484,73.76702615851207,72.98492819830199,73.83539221595848,-0.15098641640484267,-0.8996810147063314
2015-09-01,1.8899999999999997,0.41999999999999993,0.22999999999999954,0.1900000000000004,9.5,9.5,8.9,9.329166666666666,73.4538656944519,72.5104791924239,0.6901268231404245,-1.8616215182328402,4.328934156434205,2.6083784817671596,9.612050345741332,0.108402088073183,9.433744778005044,9.79035591347762,9.399586157268955,9.82451453421371,73.28956574789504,0.21695909321927725,72.9326997965132,73.64643169927687,72.8643337390668,73.71479775672329,-0.11205034574133244,0.16429994655686642
2015-10-01,2.2,0.3100000000000005,0.41999999999999993,0.22999999999999954,9.5,9.5,9.5,9.320833333333333,73.8514049854554,73.4538656944519,1.5397714436993226,-2.104722942450082,4.586723041204999,2.7852770575499175,9.576251090851265,0.10840208807318277,9.397945523114977,9.754556658587553,9.363786902378887,9.788715279323643,73.30774566832703,0.21695909321927714,72.9508797169452,73.66461161970886,72.88251365949878,73.73297767715528,-0.07625109085126525,0.5436593171283732
2015-11-01,2.46,0.2599999999999998,0.3100000000000005,0.41999999999999993,9.0,9.5,9.5,9.325000000000001,73.4452741168089,73.8514049854554,-7.060621463005035,-2.262884398142324,4.947151166426922,2.937115601857676,9.545036073916435,0.10840208807318259,9.366730506180147,9.723341641652723,9.33257188544406,9.757500262388811,73.37600709636638,0.21695909321927706,73.01914114498454,73.73287304774821,72.95077508753813,73.80123910519463,-0.5450360739164353,0.06926702044252409
2015-12-01,2.5,0.040000000000000036,0.2599999999999998,0.3100000000000005,9.4,9.0,9.5,9.291666666666666,73.3,73.4452741168089,-16.607092586040253,-1.8674821580907626,5.146581887081969,3.5925178419092374,9.512635941732983,0.10840208807318247,9.334330373996696,9.690941509469269,9.300171753260607,9.725100130205359,73.38604120033949,0.21695909321927698,73.02917524895766,73.74290715172133,72.96080919151125,73.81127320916774,-0.1126359417329823,-0.08604120033949414
2016-01-01,2.83,0.33000000000000007,0.040000000000000036,0.2599999999999998,10.0,9.4,9.0,9.299999999999999,73.6618836156042,73.3,-19.769434635000984,-1.4420418708520018,5.211022517725916,4.057958129147998,9.48698262581544,0.10840208807318237,9.308677058079153,9.665288193551726,9.274518437343064,9.699446814287816,73.37143453870165,0.21695909321927695,73.01456858731981,73.72830049008348,72.9462025298734,73.7966665475299,0.5130173741845603,0.2904490769025472
2016-02-01,2.87,0.040000000000000036,0.33000000000000007,0.040000000000000036,9.0,10.0,9.4,9.325,73.1940083840928,73.6618836156042,4.895028180669936,-1.7512705739568073,5.306431013109969,4.078729426043193,9.466574553955436,0.1084020880731823,9.28826898621915,9.644880121691722,9.25411036548306,9.679038742427812,73.40856385363743,0.2169590932192769,73.0516979022556,73.76542980501927,72.98333184480919,73.83379586246568,-0.4665745539554358,-0.214555469544635
2016-03-01,3.09,0.21999999999999975,0.040000000000000036,0.33000000000000007,10.2,9.0,10.0,9.299999999999999,74.7037252852325,73.1940083840928,17.126027912905208,-1.7020019427651105,5.125087977477771,4.16799805723489,9.446426143416716,0.10840208807318225,9.26812057568043,9.624731711153002,9.23396195494434,9.658890331889092,73.37837746597803,0.21695909321927687,73.0215115145962,73.73524341735987,72.95314545714979,73.80360947480628,0.7535738565832837,1.3253478192544605
2016-04-01,3.26,0.16999999999999993,0.21999999999999975,0.040000000000000036,9.5,10.2,9.0,9.320833333333335,74.7754576164442,74.7037252852325,8.544938428838211,-2.436641067257832,4.97091856263947,3.653358932742168,9.431314582040356,0.1084020880731822,9.25300901430407,9.609620149776642,9.21885039356798,9.643778770512732,73.54635415179804,0.21695909321927684,73.1894882004162,73.90322010317988,73.1211221429698,73.97158616062629,0.06868541795964411,1.2291034646461583
2016-05-01,3.3099999999999996,0.04999999999999982,0.16999999999999993,0.21999999999999975,9.2,9.5,10.2,9.329166666666667,74.9343521136458,74.7754576164442,9.475084436524428,-2.6467782540087423,4.960567089797374,3.6132217459912574,9.41839743186214,0.10840208807318216,9.240091864125853,9.596702999598426,9.205933243389763,9.630861620334516,73.70422457695535,0.21695909321927684,73.34735862557352,74.06109052833719,73.27899256812711,74.1294565857836,-0.21839743186214022,1.2301275366904463
2016-06-01,3.41,0.10000000000000053,0.04999999999999982,0.16999999999999993,9.6,9.2,9.5,9.3375,75.2203877176426,74.9343521136458,4.67515480029812,-2.8148179787915346,4.680405169402713,3.495182021208465,9.40855337462009,0.10840208807318213,9.230247806883803,9.586858942356375,9.196089186147713,9.621017563092465,73.86108724896275,0.2169590932192768,73.50422129758091,74.21795320034458,73.4358552401345,74.28631925779099,0.19144662537991053,1.359300468679848
2016-07-01,3.51,0.09999999999999964,0.10000000000000053,0.04999999999999982,9.9,9.6,9.2,9.329166666666667,74.5190972811663,75.2203877176426,-7.036779994745013,-3.199496811916509,4.7319522783283,3.210503188083491,9.399035714794055,0.1084020880731821,9.220730147057768,9.577341282530341,9.186571526321679,9.61149990326643,74.03414014995388,0.2169590932192768,73.67727419857205,74.39100610133572,73.60890814112564,74.45937215878213,0.5009642852059457,0.48495713121241124
2016-08-01,3.4699999999999998,-0.040000000000000036,0.09999999999999964,0.10000000000000053,9.4,9.9,9.6,9.354166666666666,77.8907232733041,74.5190972811663,1.3328035733340293,-2.6642063368191033,4.666444814198556,3.8457936631808964,9.39283881383544,0.10840208807318209,9.214533246099153,9.571144381571726,9.180374625363063,9.605303002307815,74.09796603317686,0.21695909321927678,73.74110008179503,74.4548319845587,73.67273402434861,74.5231980420051,0.007161186164561073,3.7927572401272442
2016-09-01,3.2699999999999996,-0.20000000000000018,-0.040000000000000036,0.09999999999999964,9.3,9.4,9.9,9.354166666666666,77.9991586286207,77.8907232733041,0.172297644756636,-2.1410658435657943,3.602794147441468,4.328934156434205,9.386761055838466,0.10840208807318209,9.20845548810218,9.565066623574753,9.17429686736609,9.599225244310842,74.58851676252549,0.21695909321927676,74.23165081114365,74.94538271390732,74.16328475369724,75.01374877135373,-0.0867610558384655,3.4106418660952187
2016-10-01,2.92,-0.34999999999999964,-0.20000000000000018,-0.040000000000000036,9.6,9.3,9.4,9.362499999999999,76.4729573474668,77.9991586286207,8.414665555734047,-1.683276958795001,3.670806248180858,4.586723041204999,9.382365628641763,0.10840208807318208,9.204060060905476,9.560671196378049,9.169901440169387,9.594829817114139,75.03040379052268,0.21695909321927676,74.67353783914085,75.38726974190452,74.60517178169444,75.45563579935093,0.21763437135823693,1.4425535569441195
2016-11-01,2.6100000000000003,-0.3099999999999996,-0.34999999999999964,-0.20000000000000018,9.2,9.6,9.3,9.379166666666668,77.1900923112134,76.4729573474668,-8.75779511524577,-0.972848833573078,4.324253165544456,4.947151166426922,9.380837676117535,0.10840208807318207,9.202532108381249,9.559143243853821,9.168373487645159,9.593301864589911,75.21894975598181,0.21695909321927676,74.86208380459998,75.57581570736365,74.79371774715356,75.64418176481006,-0.18083767611753565,1.9711425552315944
2016-12-01,2.4800000000000004,-0.1299999999999999,-0.3099999999999996,-0.34999999999999964,9.7,9.2,9.6,9.370833333333334,77.276215579624,77.1900923112134,15.39888957963691,-0.46341811291803126,4.798877286483028,5.146581887081969,9.379731160282429,0.10840208807318207,9.201425592546142,9.558036728018715,9.167266971810053,9.592195348754805,75.47161518049494,0.21695909321927676,75.1147492291131,75.82848113187677,75.04638317166669,75.89684718932318,0.3202688397175706,1.8046003991290576
2017-01-01,2.62,0.13999999999999968,-0.1299999999999999,-0.3099999999999996,9.7,9.7,9.2,9.375,74.7832067915379,77.276215579624,1.0754971171916594,-0.26897748227408425,5.4395298601088715,5.211022517725916,9.380499106958498,0.10840208807318205,9.202193539222211,9.558804674694784,9.168034918486121,9.592963295430874,75.6993479833259,0.21695909321927676,75.34248203194406,76.05621393470773,75.27411597449765,76.12457999215414,0.31950089304150175,-0.916141191787986
2017-02-01,2.79,0.16999999999999993,0.13999999999999968,-0.1299999999999999,9.5,9.7,9.7,9.404166666666667,72.8431986142856,74.7832067915379,0.8726004079872673,-0.3135689868900311,5.240816971204643,5.306431013109969,9.384718269349204,0.10840208807318205,9.206412701612917,9.56302383708549,9.172254080876828,9.59718245782158,75.57809370549364,0.21695909321927676,75.22122775411181,75.93495965687548,75.1528616966654,76.00332571432189,0.11528173065079628,-2.7348950912080454
2017-03-01,2.8099999999999996,0.019999999999999574,0.16999999999999993,0.13999999999999968,9.6,9.5,9.7,9.433333333333334,76.2809789301369,72.8431986142856,-6.373923063831199,-0.6649120225222287,4.121220212268861,5.125087977477771,9.39062901334023,0.10840208807318205,9.212323445603944,9.568934581076517,9.178164824867855,9.603093201812607,75.22756702747954,0.21695909321927676,74.8707010760977,75.58443297886137,74.80233501865129,75.65279903630778,0.20937098665976883,1.0534119026573592
2017-04-01,2.55,-0.2599999999999998,0.019999999999999574,0.16999999999999993,9.3,9.6,9.5,9.4625,74.1948198383864,76.2809789301369,2.40756285919006,-0.8390814373605293,3.2271681775132066,4.97091856263947,9.39849753722334,0.10840208807318205,9.220191969487054,9.576803104959627,9.186033348750964,9.610961725695716,75.36639970055151,0.21695909321927676,75.00953374916968,75.72326565193335,74.94116769172327,75.79163170937976,-0.09849753722333965,-1.1715798621651174
2017-05-01,2.34,-0.20999999999999996,-0.2599999999999998,0.019999999999999574,9.7,9.3,9.6,9.441666666666668,75.93026116296,74.1948198383864,-4.617352531556396,-0.5894329102026257,3.0476270154449647,4.960567089797374,9.403163979897256,0.10840208807318205,9.22485841216097,9.581469547633542,9.19069979142488,9.615628168369632,75.21826119769464,0.21695909321927676,74.86139524631281,75.57512714907648,74.7930291888664,75.64349320652289,0.29683602010274335,0.711999965265349
2017-06-01,2.13,-0.20999999999999996,-0.20999999999999996,-0.2599999999999998,9.4,9.7,9.3,9.4625,75.3486999078349,75.93026116296,-7.487330812552484,-0.6595948305972872,2.7325260478998192,4.680405169402713,9.410175903391547,0.10840208807318205,9.23187033565526,9.588481471127833,9.197711714919171,9.622640091863923,75.31111692753649,0.21695909321927676,74.95425097615465,75.66798287891832,74.88588491870824,75.73634893636473,-0.010175903391546726,0.03758298029841001
2017-07-01,1.92,-0.20999999999999996,-0.20999999999999996,-0.20999999999999996,9.6,9.4,9.7,9.483333333333333,76.1029257706454,75.3486999078349,3.4455500427654773,-0.3980477216717002,2.619863364996,4.7319522783283,9.418915554915557,0.10840208807318205,9.24060998717927,9.597221122651844,9.206451366443181,9.631379743387933,75.31742067204097,0.21695909321927676,74.96055472065913,75.6742866234228,74.89218866321272,75.74265268086921,0.18108444508444244,0.7855050986044319
2017-08-01,1.6900000000000004,-0.22999999999999954,-0.20999999999999996,-0.20999999999999996,9.7,9.6,9.4,9.5125,77.6933330411989,76.1029257706454,4.698682046293712,-0.253555185801444,2.6837947047825716,4.666444814198556,9.4300176884291,0.10840208807318205,9.251712120692813,9.608323256165386,9.217553499956724,9.642481876901476,75.42041096962873,0.21695909321927676,75.0635450182469,75.77727692101057,74.99517896080049,75.84564297845698,0.26998231157089947,2.2729220715701643
2017-09-01,1.5,-0.1900000000000004,-0.22999999999999954,-0.20999999999999996,9.9,9.7,9.6,9.520833333333334,77.1494724238514,77.6933330411989,6.581279028994702,-1.0872058525585322,3.076219284487247,3.602794147441468,9.441135028316474,0.10840208807318205,9.262829460580187,9.61944059605276,9.228670839844098,9.65359921678885,75.71333915675683,0.21695909321927676,75.356473205375,76.07020510813867,75.28810714792859,76.13857116558508,0.4588649716835267,1.4361332670945757
2017-10-01,1.4699999999999998,-0.03000000000000025,-0.1900000000000004,-0.22999999999999954,9.6,9.9,9.7,9.5375,78.632375966163,77.1494724238514,4.179917692240043,-0.8291937518191421,3.022935672787508,3.670806248180858,9.453510313944413,0.10840208807318205,9.275204746208127,9.6318158816807,9.241046125472037,9.66597450241679,75.89717558148114,0.21695909321927676,75.5403096300993,76.25404153286297,75.47194357265289,76.32240759030938,0.14648968605558643,2.7352003846818604
2017-11-01,1.5899999999999999,0.1200000000000001,-0.03000000000000025,-0.1900000000000004,10.3,9.6,9.9,9.541666666666666,77.5921409484001,78.632375966163,8.737098954549527,-0.1457468344555437,3.0802193698032276,4.324253165544456,9.465610802342653,0.10840208807318205,9.287305234606366,9.643916370078939,9.253146613870276,9.678074990815029,76.2455966796058,0.21695909321927676,75.88873072822396,76.60246263098763,75.82036467077755,76.67082868843404,0.8343891976573481,1.346544268794304
2017-12-01,1.67,0.08000000000000007,0.1200000000000001,-0.03000000000000025,9.6,10.3,9.6,9.595833333333333,77.4178957556533,77.5921409484001,1.9315520202756176,0.20887728648302772,3.3926847463577436,4.798877286483028,9.482397404094215,0.10840208807318205,9.304091836357928,9.660702971830501,9.269933215621839,9.69486159256659,76.41753636717267,0.21695909321927676,76.06067041579084,76.77440231855451,75.99230435834443,76.84276837600092,0.11760259590578492,1.000359388480632
2018-01-01,1.1900000000000004,-0.47999999999999954,0.08000000000000007,0.1200000000000001,9.8,9.6,10.3,9.604166666666666,76.7464792828732,77.4178957556533,7.492596197906831,0.7695298601088716,3.5005834305717576,5.4395298601088715,9.495432539590913,0.10840208807318205,9.317126971854627,9.6737381073272,9.282968351118537,9.70789672806329,76.55289535737471,0.21695909321927676,76.19602940599287,76.90976130875654,76.12766334854646,76.97812736620295,0.30456746040908733,0.19358392549848702
2018-02-01,0.6699999999999999,-0.5200000000000005,-0.47999999999999954,0.08000000000000007,9.8,9.8,9.6,9.595833333333333,75.8606542648795,76.7464792828732,-4.968246400153298,1.0508169712046422,3.521665901087112,5.240816971204643,9.506019024736437,0.10840208807318205,9.32771345700015,9.684324592472723,9.293554836264061,9.718483213208813,76.58391384228078,0.21695909321927676,76.22704789089894,76.94077979366261,76.15868183345253,77.00914585110903,0.2939809752635636,-0.7232595774012793
2018-03-01,0.2799999999999998,-0.3900000000000001,-0.5200000000000005,-0.47999999999999954,9.5,9.8,9.8,9.629166666666666,79.6725384009175,75.8606542648795,1.4934571754428028,0.45122021226886133,3.4381047506086615,4.121220212268861,9.520480272802176,0.10840208807318205,9.34217470506589,9.698785840538463,9.3080160843298,9.732944461274553,76.49425719553277,0.21695909321927676,76.13739124415093,76.8511231469146,76.06902518670452,76.91948920436101,-0.020480272802176458,3.178281205384735
2018-04-01,0.06999999999999984,-0.20999999999999996,-0.3900000000000001,-0.5200000000000005,9.9,9.5,9.8,9.6,79.5951396174964,79.6725384009175,7.286277570352606,-0.05283182248679319,2.7391037618773373,3.2271681775132066,9.530398740766293,0.10840208807318205,9.352093173030006,9.708704308502579,9.317934552293917,9.742862929238669,76.90277856467183,0.21695909321927676,76.54591261329,77.25964451605367,76.47754655584359,77.32801057350008,0.3696012592337077,2.692361052824566
2018-05-01,0.06000000000000005,-0.009999999999999787,-0.20999999999999996,-0.3900000000000001,9.8,9.9,9.5,9.616666666666665,80.1884875932821,79.5951396174964,7.052971959668053,-0.022372984555035114,2.9248126291909537,3.0476270154449647,9.541783728968708,0.10840208807318205,9.363478161232422,9.720089296704995,9.329319540496332,9.754247917441084,77.24709797981717,0.21695909321927676,76.89023202843534,77.603963931199,76.82186597098892,77.67232998864542,0.2582162710312925,2.941389613464935
2018-06-01,-0.009999999999999787,-0.06999999999999984,-0.009999999999999787,-0.20999999999999996,9.8,9.8,9.9,9.641666666666667,79.7629153671151,80.1884875932821,-1.3927749707150383,-0.3274739521001808,2.9760856731536167,2.7325260478998192,9.554240139928265,0.10840208807318205,9.375934572191978,9.732545707664551,9.341775951455888,9.76670432840064,77.62530079227827,0.21695909321927676,77.26843484089643,77.9821667436601,77.20006878345002,78.05053280110651,0.2457598600717361,2.1376145748368316
2018-07-01,-0.06000000000000005,-0.050000000000000266,-0.06999999999999984,-0.009999999999999787,9.7,9.8,9.8,9.65,81.235355782864,79.7629153671151,-1.3116883619640696,-0.37013663500400007,2.66163983291825,2.619863364996,9.565952817781946,0.10840208807318205,9.38764725004566,9.744258385518233,9.35348862930957,9.778417006254323,77.90093934349076,0.21695909321927676,77.54407339210893,78.2578052948726,77.47570733466252,78.32617135231901,0.1340471822180529,3.3344164393732427
2018-08-01,-0.06000000000000005,0.0,-0.050000000000000266,-0.06999999999999984,9.6,9.7,9.8,9.641666666666667,81.4307967021912,81.235355782864,-1.492134024641345,-0.2562052952174283,2.7542481766830385,2.6837947047825716,9.575427105557232,0.10840208807318205,9.397121537820945,9.753732673293518,9.362962917084856,9.787891294029608,78.32940345297487,0.21695909321927676,77.97253750159304,78.68626940435671,77.90417144414663,78.75463546180312,0.02457289444276789,3.101393249216329
2018-09-01,-0.1299999999999999,-0.06999999999999984,0.0,-0.050000000000000266,10.0,9.6,9.7,9.65,80.3318101136842,81.4307967021912,6.890882609524507,0.13621928448724718,3.3554232027514397,3.076219284487247,9.584612293424346,0.10840208807318205,9.40630672568806,9.762917861160632,9.37214810495197,9.797076481896722,78.72836887558067,0.21695909321927676,78.37150292419884,79.0852348269625,78.30313686675242,79.15360088440892,0.41538770657565394,1.6034412381035281
2018-10-01,-0.1200000000000001,0.009999999999999787,-0.06999999999999984,0.0,10.2,10.0,9.6,9.679166666666667,81.5608598630464,80.3318101136842,1.9032427664444462,0.15293567278750775,3.572471483573003,3.022935672787508,9.596576701588846,0.10840208807318205,9.41827113385256,9.774882269325133,9.38411251311647,9.809040890061222,78.93422490453435,0.21695909321927676,78.57735895315251,79.29109085591618,78.5089928957061,79.35945691336259,0.6034232984111529,2.6266349585120565
2018-11-01,-0.25,-0.1299999999999999,0.009999999999999787,-0.06999999999999984,10.5,10.2,10.0,9.704166666666666,81.0582619484941,81.5608598630464,-20.098230184349486,0.20021936980322774,3.8202847767664805,3.0802193698032276,9.609451048597448,0.10840208807318205,9.431145480861161,9.787756616333734,9.396986860125072,9.821915237069824,79.2736391292958,0.21695909321927676,78.91677317791397,79.63050508067764,78.84840712046756,79.69887113812405,0.8905489514025522,1.7846228191983045
2018-12-01,-0.43000000000000016,-0.18000000000000016,-0.1299999999999999,0.009999999999999787,10.8,10.5,10.2,9.758333333333333,79.6925621435506,81.0582619484941,-13.406795976600172,0.6426847463577436,3.991849426684402,3.3926847463577436,9.627549503261525,0.10840208807318205,9.449243935525239,9.805855070997811,9.415085314789149,9.840013691733901,79.50490433379831,0.21695909321927676,79.14803838241647,79.86177028518014,79.07967232497006,79.93013634262655,1.1724504967384757,0.18765780975229518
2019-01-01,-0.41999999999999993,0.010000000000000231,-0.18000000000000016,-0.1299999999999999,10.7,10.8,10.5,9.804166666666667,79.5619783306216,79.6925621435506,4.3536539773525895,0.9305834305717577,3.5216399840139134,3.5005834305717576,9.650416948877604,0.10840208807318205,9.472111381141318,9.82872251661389,9.437952760405228,9.86288113734998,79.5273806371516,0.21695909321927676,79.17051468576976,79.88424658853343,79.10214862832335,79.95261264597984,1.0495830511223954,0.03459769347000474
2019-02-01,-0.4900000000000002,-0.07000000000000028,0.010000000000000231,-0.18000000000000016,10.8,10.7,10.8,9.845833333333333,78.5897800610199,79.5619783306216,6.725096943147513,0.941665901087112,3.534173061813428,3.521665901087112,9.675314727935131,0.10840208807318205,9.497009160198845,9.853620295671417,9.462850539462755,9.887778916407507,79.53121353801673,0.21695909321927676,79.1743475866349,79.88807948939856,79.10598152918848,79.95644554684498,1.1246852720648697,-0.9414334769968349
2019-03-01,-0.5899999999999999,-0.09999999999999964,-0.07000000000000028,0.010000000000000231,10.9,10.8,10.7,9.9,81.8398818444426,78.5897800610199,3.9502115081288203,0.9281047506086617,3.0961765865195057,3.4381047506086615,9.703266762558387,0.10840208807318205,9.524961194822101,9.881572330294674,9.490802574086011,9.915730951030763,79.41159692598548,0.21695909321927676,79.05473097460364,79.76846287736731,78.98636491715723,79.83682893481372,1.196733237441613,2.4282849184571234
2019-04-01,-0.33999999999999986,0.25,-0.09999999999999964,-0.07000000000000028,10.8,10.9,10.8,9.954166666666667,79.0695468124193,81.8398818444426,6.6389277627799,0.32910376187733714,2.8579998918169425,2.7391037618773373,9.736639144802016,0.10840208807318205,9.55833357706573,9.914944712538302,9.52417495632964,9.949103333274392,79.7185211920581,0.21695909321927676,79.36165524067627,80.07538714343994,79.29328918322986,80.14375320088635,1.0633608551979847,-0.6489743796388012
2019-05-01,-0.3500000000000001,-0.010000000000000231,0.25,-0.09999999999999964,10.8,10.8,10.9,10.016666666666666,80.9746272578597,79.0695468124193,-1.867894606872511,0.2648126291909536,3.0024976053425467,2.9248126291909537,9.77195026204671,0.10840208807318205,9.593644694310424,9.950255829782996,9.559486073574334,9.984414450519086,79.63538457764835,0.21695909321927676,79.27851862626652,79.99225052903019,79.2101525688201,80.0606165864766,1.0280497379532907,1.339242680211342
2019-06-01,-0.3500000000000001,0.0,-0.010000000000000231,0.25,10.2,10.8,10.8,10.0625,78.4041388831943,80.9746272578597,-10.907737144213225,0.3260856731536168,2.8083863131517672,2.9760856731536167,9.808514746117462,0.10840208807318205,9.630209178381175,9.986820313853748,9.596050557645086,10.020978934589838,79.80779144763974,0.21695909321927676,79.45092549625791,80.16465739902158,79.3825594388115,80.23302345646799,0.3914852538825375,-1.4036525644454372
2019-07-01,-0.22999999999999998,0.1200000000000001,0.0,-0.010000000000000231,11.0,10.2,10.8,10.095833333333333,81.2506762648149,78.4041388831943,1.849572373485131,0.011639832918250104,2.9022149898462635,2.66163983291825,9.84548043471656,0.10840208807318205,9.667174866980274,10.023786002452846,9.633016246244184,10.057944623188936,79.62558926944588,0.21695909321927676,79.26872331806405,79.98245522082772,79.20035726061764,80.05082127827413,1.1545195652834401,1.625086995369017
2019-08-01,-0.14000000000000012,0.08999999999999986,0.1200000000000001,0.0,11.3,11.0,10.2,10.154166666666667,82.5110571856209,81.2506762648149,-7.622657313054937,-0.015751823316961566,2.9356760933715753,2.7542481766830385,9.884747233030764,0.10840208807318205,9.706441665294477,10.06305280076705,9.672283044558387,10.09721142150314,79.83349756105183,0.21695909321927676,79.47663160967,80.19036351243366,79.40826555222358,80.25872956988007,1.4152527669692372,2.6775596245690707
2019-09-01,-0.08000000000000007,0.06000000000000005,0.08999999999999986,0.1200000000000001,11.2,11.3,11.0,10.220833333333333,81.3246113347534,82.5110571856209,4.5748160048192155,0.4954232027514398,2.9630469542125226,3.3554232027514397,9.927434754280242,0.10840208807318205,9.749129186543955,10.105740322016528,9.714970565807866,10.139898942752618,80.17668157627064,0.21695909321927676,79.8198156248888,80.53354752765247,79.75144956744239,80.60191358509888,1.2725652457197576,1.1479297584827606
2019-10-01,-0.06999999999999984,0.010000000000000231,0.06000000000000005,0.08999999999999986,11.0,11.2,11.3,10.275,82.127479628899,81.3246113347534,-4.355977063965444,0.6524714835730032,3.173561021478055,3.572471483573003,9.971209980714033,0.10840208807318205,9.792904412977746,10.149515548450319,9.758745792241657,10.183674169186409,80.32449981432742,0.21695909321927676,79.96763386294559,80.68136576570926,79.89926780549918,80.74973182315567,1.0287900192859674,1.8029798145715716
2019-11-01,-0.009999999999999787,0.06000000000000005,0.010000000000000231,0.06000000000000005,11.0,11.0,11.2,10.333333333333334,81.7292322742459,82.127479628899,5.031807182188874,0.8902847767664803,3.2265209777177173,3.8202847767664805,10.017266738201467,0.10840208807318205,9.838961170465181,10.195572305937754,9.804802549729091,10.229730926673843,80.55513971109427,0.21695909321927676,80.19827375971244,80.9120056624761,80.12990770226602,80.98037171992252,0.9827332617985327,1.174092563151632
2019-12-01,0.10000000000000009,0.10999999999999988,0.06000000000000005,0.010000000000000231,10.8,11.0,11.0,10.362499999999999,80.5183595131683,81.7292322742459,3.8544362818941025,1.0018494266844016,3.3757095894474176,3.991849426684402,10.061530038935913,0.10840208807318205,9.883224471199627,10.2398356066722,9.849065850463537,10.27399422740829,80.70402063293665,0.21695909321927676,80.34715468155481,81.06088658431848,80.2787886241084,81.1292526417649,0.7384699610640872,-0.18566111976834065
2020-01-01,0.040000000000000036,-0.06000000000000005,0.10999999999999988,0.06000000000000005,11.1,10.8,11.0,10.4125,79.4690804772602,80.5183595131683,-2.330136619836587,0.42163998401391334,3.5360959254793656,3.5216399840139134,10.105707947211567,0.10840208807318205,9.92740237947528,10.284013514947853,9.89324375873919,10.318172135683943,80.680664213431,0.21695909321927676,80.32379826204917,81.03753016481284,80.25543220460276,81.10589622225925,0.9942920527884329,-1.2115837361707946
2020-02-01,0.0,-0.040000000000000036,-0.06000000000000005,0.10999999999999988,11.6,11.1,10.8,10.466666666666667,80.9206994648283,79.4690804772602,-13.777879446533081,0.4941730618134281,3.4929323278448,3.534173061813428,10.151108203671617,0.10840208807318205,9.97280263593533,10.329413771407904,9.938644015199241,10.363572392143993,80.52567866772351,0.21695909321927676,80.16881271634168,80.88254461910535,80.10044665889527,80.95091067655176,1.4488917963283825,0.39502079710479165
2020-03-01,-0.009999999999999787,-0.009999999999999787,-0.040000000000000036,-0.06000000000000005,12.8,11.6,11.1,10.541666666666666,76.4959586732506,80.9206994648283,-49.761683643613885,0.09617658651950567,2.6279270993758264,3.0961765865195057,10.200823341967322,0.10840208807318205,10.022517774231035,10.379128909703608,9.988359153494946,10.413287530439698,80.57532019202213,0.21695909321927676,80.2184542406403,80.93218614340397,80.15008818319389,81.00055220085038,2.599176658032679,-4.079361518771535
2020-04-01,-0.4900000000000002,-0.4800000000000004,-0.009999999999999787,-0.040000000000000036,20.6,12.8,11.6,10.679166666666667,56.3786586561533,76.4959586732506,-23.626865313415912,-0.13200010818305774,2.291910592749824,2.8579998918169425,10.262419716646841,0.10840208807318205,10.084114148910555,10.440725284383127,10.049955528174465,10.474883905119217,80.04805777093203,0.21695909321927676,79.6911918195502,80.40492372231387,79.62282576210379,80.47328977976028,10.33758028335316,-23.669399114778734
2020-05-01,-0.9700000000000002,-0.48,-0.4800000000000004,-0.009999999999999787,21.8,20.6,12.8,11.125,67.7367709140792,56.3786586561533,19.64337426573617,0.49249760534254694,1.3647822134060572,3.0024976053425467,10.372103857271359,0.10840208807318205,10.193798289535072,10.550409425007645,10.159639668798983,10.584568045743735,77.00645379451645,0.21695909321927676,76.64958784313461,77.36331974589828,76.5812217856882,77.43168580334469,11.427896142728642,-9.269682880437244
2020-06-01,-1.35,-0.3799999999999999,-0.48,-0.4800000000000004,20.8,21.8,20.6,11.625,73.6879451123272,67.7367709140792,23.19449758614769,0.7783863131517674,0.7354684423737101,2.8083863131517672,10.531351218753777,0.10840208807318205,10.35304565101749,10.709656786490063,10.3188870302814,10.743815407226153,75.81328386174489,0.21695909321927676,75.45641791036306,76.17014981312673,75.38805185291665,76.23851587057314,10.268648781246224,-2.1253387494176934
2020-07-01,-1.34,0.010000000000000009,-0.3799999999999999,-0.48,20.7,20.8,21.8,12.083333333333334,77.7017714279747,73.6879451123272,5.58828864919847,1.2522149898462636,0.9444359817564418,2.9022149898462635,10.729515295459267,0.10840208807318205,10.55120972772298,10.907820863195553,10.51705110698689,10.941979483931643,75.53425466429016,0.21695909321927676,75.17738871290832,75.891120615672,75.10902265546191,75.9594866731184,9.970484704540732,2.167516763684546
2020-08-01,-1.43,-0.08999999999999986,0.010000000000000009,-0.3799999999999999,17.6,20.7,20.8,12.541666666666666,78.5809348344346,77.7017714279747,4.075318689006524,1.2756760933715754,1.2715547528457716,2.9356760933715753,10.95917220153473,0.10840208807318205,10.780866633798444,11.137477769271017,10.746708013062355,11.171636390007107,75.81054473656378,0.21695909321927676,75.45367878518195,76.16741068794562,75.38531272773554,76.23577674539203,6.640827798465271,2.7703900978708162
2020-09-01,-1.33,0.09999999999999987,-0.08999999999999986,0.010000000000000009,16.8,17.6,20.7,12.875,80.6292951214998,78.5809348344346,-7.245041031406352,1.3930469542125226,1.5006772009029445,2.9630469542125226,11.202011646679528,0.10840208807318205,11.023706078943242,11.380317214415815,10.989547458207152,11.414475835151904,76.16400868973359,0.21695909321927676,75.80714273835176,76.52087464111543,75.73877668090535,76.58924069856184,5.597988353320472,4.465286431766202
2020-10-01,-1.45,-0.11999999999999988,0.09999999999999987,-0.08999999999999986,16.2,16.8,17.6,13.158333333333331,81.82,80.6292951214998,-0.8382662521525752,1.5035610214780553,1.8713783604065837,3.173561021478055,11.448782118734835,0.10840208807318205,11.270476550998549,11.627087686471121,11.236317930262459,11.661246307207211,76.73860383079857,0.21695909321927676,76.38173787941673,77.0954697821804,76.31337182197032,77.16383583962681,4.751217881265164,5.081396169201426
2020-11-01,-1.87,-0.42000000000000015,-0.11999999999999988,0.09999999999999987,15.3,16.2,16.8,13.408333333333333,80.22,81.82,5.746122248361818,1.6765209777177172,1.8217115273623907,3.2265209777177173,11.69460462081999,0.10840208807318205,11.516299053083703,11.872910188556276,11.482140432347613,11.907068809292365,77.39629728344393,0.21695909321927676,77.0394313320621,77.75316323482576,76.97106527461568,77.82152929227217,3.6053953791800115,2.8237027165560704
2020-12-01,-1.89,-0.019999999999999796,-0.42000000000000015,-0.11999999999999988,14.8,15.3,16.2,13.608333333333333,80.33,80.22,13.26421636101518,2.2457095894474177,1.7671661828441154,3.3757095894474176,11.93700142356009,0.10840208807318205,11.758695855823804,12.115306991296377,11.724537235087714,12.149465612032467,77.7571281884374,0.21695909321927676,77.40026223705557,78.11399413981924,77.33189617960916,78.18236019726565,2.86299857643991,2.5728718115625924
2021-01-01,-2.13,-0.24,-0.019999999999999796,-0.42000000000000015,15.1,14.8,15.3,13.774999999999999,78.69,80.33,9.678447265964873,2.4260959254793653,2.030547784258241,3.5360959254793656,12.168981874639192,0.10840208807318205,11.990676306902905,12.347287442375478,11.956517686166816,12.381446063111568,78.08823751626785,0.21695909321927676,77.73137156488602,78.44510346764969,77.6630055074396,78.5134695250961,2.931018125360808,0.6017624837321449
2021-02-01,-2.04,0.08999999999999986,-0.24,-0.019999999999999796,14.4,15.1,14.8,13.958333333333334,79.94,78.69,11.850281005776875,2.6229323278448,2.009081669945889,3.4929323278448,12.39585997513525,0.10840208807318205,12.217554407398964,12.574165542871537,12.183395786662874,12.608324163607627,78.16315969175862,0.21695909321927676,77.80629374037679,78.52002564314046,77.73792768293038,78.58839170058687,2.00414002486475,1.7768403082413755
2021-03-01,-2.06,-0.020000000000000018,0.08999999999999986,-0.24,14.3,14.4,15.1,14.108333333333333,82.47,79.94,5.346758196756074,1.6679270993758264,1.904127044589865,2.6279270993758264,12.612228746990096,0.10840208807318205,12.43392317925381,12.790534314726383,12.39976455851772,12.824692935462473,78.39131797826269,0.21695909321927676,78.03445202688086,78.74818392964453,77.96608596943445,78.81654998709094,1.6877712530099043,4.078682021737308
2021-04-01,-1.76,0.30000000000000004,-0.020000000000000018,0.08999999999999986,15.5,14.3,14.4,14.25,79.29,82.47,-0.5702531813049028,1.351910592749824,1.8699174845999478,2.291910592749824,12.82079327585324,0.10840208807318205,12.642487708116954,12.999098843589527,12.608329087380865,13.033257464325617,78.91027575209013,0.21695909321927676,78.5534098007083,79.26714170347196,78.48504374326188,79.33550776091838,2.679206724146759,0.379724247909877
2021-05-01,-1.44,0.32000000000000006,0.30000000000000004,-0.020000000000000018,15.1,15.5,14.3,14.445833333333333,68.01,79.29,4.461274499494383,0.12478221340605722,2.1408874155043778,1.3647822134060572,13.028838852672791,0.10840208807318205,12.850533284936505,13.207144420409078,12.816374664200415,13.241303041145168,78.95102798526487,0.21695909321927676,78.59416203388304,79.3078939366467,78.52579597643663,79.37625999409312,2.0711611473272082,-10.941027985264867
2021-06-01,-1.13,0.31000000000000005,0.32000000000000006,0.30000000000000004,15.0,15.1,15.5,14.625,80.42,68.01,7.199317171719155,-0.8245315576262899,2.4209289356277974,0.7354684423737101,13.231507197860783,0.10840208807318205,13.053201630124496,13.409812765597069,13.019043009388406,13.443971386333159,77.5430794646029,0.21695909321927676,77.18621351322106,77.89994541598473,77.11784745577465,77.96831147343114,1.7684928021392174,2.8769205353971046
2021-07-01,-0.9500000000000002,0.17999999999999972,0.31000000000000005,0.32000000000000006,13.0,15.0,15.1,14.825000000000001,81.1327990679665,80.42,1.1989901869973174,-0.9255640182435583,2.067059307215624,0.9444359817564418,13.432851229057716,0.10840208807318205,13.25454566132143,13.611156796794003,13.22038704058534,13.645315417530092,77.91248328996829,0.21695909321927676,77.55561733858646,78.26934924135013,77.48725128114005,78.33771529879654,-0.4328512290577162,3.2203157779982092
2021-08-01,-0.6800000000000002,0.27,0.17999999999999972,0.31000000000000005,13.0,13.0,15.0,14.908333333333333,80.7424925129191,81.1327990679665,-5.221918547883497,-0.7784452471542282,2.226782868572985,1.2715547528457716,13.619793328174204,0.10840208807318205,13.441487760437917,13.79809889591049,13.407329139701828,13.83225751664658,78.32449349999615,0.21695909321927676,77.96762754861432,78.68135945137799,77.8992614911679,78.7497255088244,-0.6197933281742039,2.417999012922948
2021-09-01,-0.7200000000000002,-0.040000000000000036,0.27,0.17999999999999972,12.5,13.0,13.0,14.979166666666666,82.1905329785646,80.7424925129191,6.0032153729605575,-0.8193227990970553,2.5194489721280133,1.5006772009029445,13.790599902236464,0.10840208807318205,13.612294334500177,13.96890546997275,13.578135713764087,14.00306409070884,78.63777443578998,0.21695909321927676,78.28090848440814,78.99464038717181,78.21254242696173,79.06300644461822,-1.2905999022364636,3.552758542774626
2021-10-01,-0.98,-0.2599999999999998,-0.040000000000000036,0.27,12.9,12.5,13.0,15.033333333333333,83.1,82.1905329785646,11.195241437758519,-0.40862163959341613,3.074815888202953,1.8713783604065837,13.945772755215923,0.10840208807318205,13.767467187479637,14.12407832295221,13.733308566743547,14.1582369436883,79.09940941094149,0.21695909321927676,78.74254345955966,79.45627536232332,78.67417740211324,79.52464141976974,-1.045772755215923,4.000590589058504
2021-11-01,-0.45999999999999996,0.52,-0.2599999999999998,-0.040000000000000036,12.9,12.9,12.5,15.112499999999999,79.81,83.1,-3.520071889539267,-0.1982884726376093,3.3907938045487196,1.8217115273623907,14.095778226643372,0.10840208807318205,13.917472658907085,14.274083794379658,13.883314038170996,14.308242415115748,79.60553601317686,0.21695909321927676,79.24867006179502,79.9624019645587,79.18030400434861,80.0307680220051,-1.1957782266433714,0.20446398682314282
2021-12-01,-0.5099999999999998,-0.04999999999999982,0.52,-0.2599999999999998,11.8,12.9,12.9,15.191666666666665,81.04,79.81,-7.771976689615023,-0.7728338171558846,4.058585258284997,1.7671661828441154,14.233507709713749,0.10840208807318205,14.055202141977462,14.411813277450035,14.021043521241372,14.445971898186125,79.6339371355453,0.21695909321927676,79.27707118416346,79.99080308692713,79.20870512671705,80.05916914437354,-2.433507709713748,1.4060628644547108
2022-01-01,0.4700000000000002,0.98,-0.04999999999999982,0.52,12.3,11.8,12.9,15.233333333333333,80.0756171414954,81.04,13.449238163113009,-0.4594522157417593,4.7905970422667865,2.030547784258241,14.36382102879193,0.10840208807318205,14.185515461055644,14.542126596528217,14.151356840319554,14.576285217264306,79.80278891227628,0.21695909321927676,79.44592296089445,80.15965486365812,79.37755690344804,80.22802092110453,-2.0638210287919296,0.2728282292191153
2022-02-01,1.1100000000000003,0.6400000000000001,0.98,-0.04999999999999982,11.8,12.3,11.8,15.283333333333333,79.3110786266228,80.0756171414954,9.501140829438004,-1.460918330054111,5.811229165118759,2.009081669945889,14.48226795385384,0.10840208807318205,14.303962386117554,14.660573521590127,14.269803765381464,14.694732142326217,79.83115985307231,0.21695909321927676,79.47429390169047,80.18802580445414,79.40592784424406,80.25639186190055,-2.68226795385384,-0.5200812264495056
2022-03-01,1.5099999999999998,0.39999999999999947,0.6400000000000001,0.98,11.7,11.8,12.3,15.291666666666666,82.3982041552856,79.3110786266228,17.825067830715025,-2.2058729554101353,6.567692812484571,1.904127044589865,14.584479258246313,0.10840208807318205,14.406173690510027,14.7627848259826,14.372015069773937,14.79694344671869,79.76452629163853,0.21695909321927676,79.4076603402567,80.12139224302037,79.33929428281029,80.18975830046678,-2.884479258246314,2.6336778636470655
2022-04-01,2.26,0.75,0.39999999999999947,0.6400000000000001,11.1,11.7,11.8,15.245833333333332,80.4406115235018,82.3982041552856,-5.996889673553074,-2.640082515400052,6.42878666652813,1.8699174845999478,14.670166810556418,0.10840208807318205,14.491861242820132,14.848472378292705,14.457702622084042,14.882630999028795,80.09648741721973,0.21695909321927676,79.7396214658379,80.45335336860157,79.67125540839149,80.52171942604798,-3.570166810556419,0.3441241062820666
2022-05-01,2.87,0.6100000000000003,0.75,0.39999999999999947,10.6,11.1,11.7,14.850000000000001,80.7018171048432,80.4406115235018,5.548183622274472,-3.119112584495622,7.187643729408544,2.1408874155043778,14.694410059060194,0.10840208807318205,14.516104491323908,14.87271562679648,14.481945870587818,14.90687424753257,80.13621144077874,0.21695909321927676,79.7793454893969,80.49307739216057,79.71097943195049,80.56144344960698,-4.094410059060195,0.5656056640644636
2022-06-01,3.0599999999999996,0.1899999999999995,0.6100000000000003,0.75,11.6,10.6,11.1,14.383333333333333,82.8943494407712,80.7018171048432,4.832780777375945,-3.4490710643722027,7.271630489156555,2.4209289356277974,14.654257845433861,0.10840208807318205,14.475952277697575,14.832563413170147,14.441793656961485,14.866722033906237,80.21133674826613,0.21695909321927676,79.8544707968843,80.56820269964797,79.78610473943789,80.63656875709438,-3.0542578454338614,2.6830126925050592
2022-07-01,3.4299999999999997,0.3700000000000001,0.1899999999999995,0.6100000000000003,11.0,11.6,10.6,14.0,81.6767352332059,82.8943494407712,-11.132661867932736,-3.9929406927843756,7.216136679473539,2.067059307215624,14.572063011134672,0.10840208807318205,14.393757443398385,14.750368578870958,14.359598822662296,14.784527199607048,80.55450839046765,0.21695909321927676,80.19764243908581,80.91137434184948,80.1292763816394,80.97974039929589,-3.572063011134672,1.1222268427382573
2022-08-01,3.8899999999999997,0.45999999999999996,0.3700000000000001,0.1899999999999995,10.8,11.0,11.6,13.595833333333333,81.2884762820928,81.6767352332059,-7.281900532148988,-4.203217131427015,7.99730078889771,2.226782868572985,14.450062087841381,0.10840208807318205,14.271756520105095,14.628367655577668,14.237597899369005,14.662526276313757,80.69468557519897,0.21695909321927676,80.33781962381714,81.05155152658081,80.26945356637073,81.11991758402722,-3.6500620878413805,0.5937907068938273
2022-09-01,4.49,0.6000000000000005,0.45999999999999996,0.3700000000000001,11.4,10.8,11.0,13.3125,80.3570680387833,81.2884762820928,-7.618671874430127,-4.370551027871986,9.444685020915289,2.5194489721280133,14.308244262951934,0.10840208807318205,14.129938695215648,14.48654983068822,14.095780074479558,14.52070845142431,80.76533970306716,0.21695909321927676,80.40847375168532,81.12220565444899,80.34010769423891,81.1905717118954,-2.908244262951934,-0.4082716642838591
2022-10-01,5.380000000000001,0.8900000000000006,0.6000000000000005,0.45999999999999996,10.5,11.4,10.8,13.0875,79.3459765273462,80.3570680387833,3.2831173954090964,-4.415184111797047,9.442591014245716,3.074815888202953,14.157184892110713,0.10840208807318205,13.978879324374427,14.335490459847,13.944720703638337,14.36964908058309,80.70359067848966,0.21695909321927676,80.34672472710783,81.0604566298715,80.27835866966142,81.1288226873179,-3.6571848921107133,-1.3576141511434656
2022-11-01,5.82,0.4399999999999995,0.8900000000000006,0.6000000000000005,10.8,10.5,11.4,12.85,77.6630550664341,79.3459765273462,-2.9734436079845494,-4.989206195451281,8.386854134120236,3.3907938045487196,13.992837211621964,0.10840208807318205,13.814531643885678,14.17114277935825,13.780373023149588,14.20530140009434,80.5268766522447,0.21695909321927676,80.17001070086286,80.88374260362653,80.10164464341645,80.95210866107294,-3.1928372116219634,-2.863821585810598
2022-12-01,6.51,0.6899999999999995,0.4399999999999995,0.8900000000000006,10.9,10.8,10.5,12.662500000000001,79.4460764168635,77.6630550664341,-11.057434436230373,-4.7614147417150035,7.910223139778316,4.058585258284997,13.826496905922912,0.10840208807318205,13.648191338186626,14.004802473659199,13.614032717450536,14.038961094395288,80.15400362447491,0.21695909321927676,79.79713767309308,80.51086957585674,79.72877161564666,80.57923563330316,-2.926496905922912,-0.7079272076114052
2023-01-01,6.779999999999999,0.2699999999999996,0.6899999999999995,0.4399999999999995,11.3,10.9,10.8,12.5,77.1290796324074,79.4460764168635,3.104960670254897,-4.719402957733213,9.279930877823773,4.7905970422667865,13.659410260357538,0.10840208807318205,13.481104692621251,13.837715828093824,13.446946071885161,13.871874448829914,80.06159769250833,0.21695909321927676,79.7047317411265,80.41846364389016,79.63636568368008,80.48682970133657,-2.359410260357537,-2.932518060100932
2023-02-01,7.039999999999999,0.2599999999999998,0.2699999999999996,0.6899999999999995,10.3,11.3,10.9,12.341666666666667,77.2546420596433,77.1290796324074,-0.4409437153435114,-3.9687708348812407,9.476543572424934,5.811229165118759,13.493196690494194,0.10840208807318205,13.314891122757908,13.67150225823048,13.280732502021818,13.70566087896657,79.68420056159043,0.21695909321927676,79.3273346102086,80.04106651297226,79.25896855276218,80.10943257041868,-3.1931966904941937,-2.4295585019471275
2023-03-01,7.51,0.47000000000000064,0.2599999999999998,0.2699999999999996,9.5,10.3,11.3,12.170833333333334,79.5766564331724,77.2546420596433,-5.323150300362123,-3.472307187515428,8.544925992499387,6.567692812484571,13.327503510066533,0.10840208807318205,13.149197942330247,13.50580907780282,13.115039321594157,13.53996769853891,79.36815164888957,0.21695909321927676,79.01128569750773,79.7250176002714,78.94291964006132,79.79338365771781,-3.827503510066533,0.20850478428283736
2023-04-01,7.48,-0.02999999999999936,0.47000000000000064,0.2599999999999998,10.7,9.5,10.3,11.970833333333333,77.7356900865394,79.5766564331724,5.121177648574893,-4.08121333347187,7.946962615560005,6.42878666652813,13.15542018760978,0.10840208807318205,12.977114619873493,13.333725755346066,12.942955999137403,13.367884376082156,79.39690688649492,0.21695909321927676,79.04004093511308,79.75377283787675,78.97167487766667,79.82213889532316,-2.4554201876097803,-1.6612167999555112
2023-05-01,7.460000000000001,-0.019999999999999574,-0.02999999999999936,0.47000000000000064,10.5,10.7,9.5,11.770833333333334,79.1459039044835,77.7356900865394,-9.65666701970358,-3.2923562705914566,7.308308917021389,7.187643729408544,12.979672485566098,0.10840208807318205,12.801366917829812,13.157978053302385,12.767208297093722,13.192136674038474,79.18596143778508,0.21695909321927676,78.82909548640325,79.54282738916692,78.76072942895684,79.61119344661333,-2.4796724855660983,-0.04005753330157802
2023-06-01,7.51,0.049999999999998934,-0.019999999999999574,-0.02999999999999936,9.7,10.5,10.7,11.579166666666666,80.1256307231,79.1459039044835,-0.9506011647853363,-3.1883695108434456,6.325856155322618,7.271630489156555,12.802746261305765,0.10840208807318205,12.624440693569479,12.981051829042052,12.59028207283339,13.015210449778142,79.18075594625655,0.21695909321927676,78.82388999487472,79.53762189763839,78.75552393742831,79.6059879550848,-3.102746261305766,0.9448747768434487
2023-07-01,7.220000000000001,-0.28999999999999915,0.049999999999998934,-0.019999999999999574,9.7,9.7,10.5,11.358333333333333,77.8235534891792,80.1256307231,6.68214128621285,-3.2938633205264605,6.004355753646684,7.216136679473539,12.618919096509595,0.10840208807318205,12.440613528773309,12.797224664245881,12.406454908037219,12.831383284981971,79.30600435573585,0.21695909321927676,78.94913840435402,79.66287030711769,78.8807723469076,79.7312363645641,-2.9189190965095957,-1.482450866556647
2023-08-01,6.92,-0.3000000000000007,-0.28999999999999915,0.049999999999998934,9.6,9.7,9.7,11.220833333333331,78.9578260086788,77.8235534891792,5.985348772601373,-2.2226992111022907,5.512784129919357,7.99730078889771,12.44090815066298,0.10840208807318205,12.262602582926693,12.619213718399266,12.228443962190603,12.653372339135355,79.1196522111757,0.21695909321927676,78.76278625979387,79.47651816255754,78.69442020234746,79.54488422000395,-2.8409081506629796,-0.16182620249691126
2023-09-01,6.51,-0.41000000000000014,-0.3000000000000007,-0.28999999999999915,9.9,9.6,9.7,11.079166666666666,80.8777095861421,78.9578260086788,8.427216091438705,-0.4753149790847111,6.267328914268933,9.444685020915289,12.267199799383159,0.10840208807318205,12.088894231646872,12.445505367119445,12.054735610910782,12.479663987855535,79.10373942621118,0.21695909321927676,78.74687347482934,79.46060537759301,78.67850741738293,79.52897143503942,-2.367199799383158,1.7739701599309257
2023-10-01,6.199999999999999,-0.3100000000000005,-0.41000000000000014,-0.3000000000000007,10.0,9.9,9.6,10.970833333333333,78.9500364052866,80.8777095861421,-4.28442769911177,-0.06740898575428389,6.997876234467393,9.442591014245716,12.10242395123215,0.10840208807318205,11.924118383495864,12.280729518968437,11.889959762759775,12.314888139704527,79.33444104030016,0.21695909321927676,78.97757508891833,79.691306991682,78.90920903147192,79.75967304912841,-2.1024239512321508,-0.38440463501356703
2023-11-01,5.859999999999999,-0.33999999999999986,-0.3100000000000005,-0.41000000000000014,10.3,10.0,9.9,10.85,80.7829773380983,78.9500364052866,-7.822097497118019,-0.813145865879763,6.495313380095236,8.386854134120236,11.942992771640858,0.10840208807318205,11.764687203904572,12.121298339377145,11.730528583168482,12.155456960113234,79.28857955289557,0.21695909321927676,78.93171360151374,79.6454455042774,78.86334754406732,79.71381156172382,-1.6429927716408574,1.494397785202736
2023-12-01,5.42,-0.4399999999999995,-0.33999999999999986,-0.3100000000000005,10.5,10.3,10.0,10.741666666666667,79.4475583829501,80.7829773380983,-5.908064795521284,-0.9497768602216832,6.655132393397523,7.910223139778316,11.789663227653438,0.10840208807318205,11.611357659917152,11.967968795389725,11.577199039181062,12.002127416125814,79.48502752693095,0.21695909321927676,79.12816157554911,79.84189347831278,79.0597955181027,79.9102595357592,-1.2896632276534383,-0.037469143980843
2024-01-01,4.81,-0.6100000000000003,-0.4399999999999995,-0.33999999999999986,10.3,10.5,10.3,10.6875,78.2143701819306,79.4475583829501,2.333465741527352,0.8599308778237731,7.033829436485628,9.279930877823773,11.64827704089681,0.10840208807318205,11.469971473160523,11.826582608633096,11.435812852424434,11.860741229369186,79.48647620669851,0.21695909321927676,79.12961025531668,79.84334215808035,79.06124419787027,79.91170821552676,-1.348277040896809,-1.2721060247679077
2024-02-01,4.26,-0.5499999999999998,-0.6100000000000003,-0.4399999999999995,10.6,10.3,10.5,10.604166666666666,77.4841255162502,78.2143701819306,3.1913108601401063,1.666543572424934,7.01838558964778,9.476543572424934,11.514839500945744,0.10840208807318205,11.336533933209457,11.69314506868203,11.302375312473368,11.72730368941812,79.32757511799319,0.21695909321927676,78.97070916661136,79.68444106937503,78.90234310916495,79.75280712682144,-0.9148395009457442,-1.8434496017429893
2024-03-01,3.7699999999999996,-0.4900000000000002,-0.5499999999999998,-0.6100000000000003,10.8,10.6,10.3,10.554166666666665,78.7616954947232,77.4841255162502,3.545604665180946,1.284925992499387,6.420940980377288,8.544925992499387,11.39230604887117,0.10840208807318205,11.214000481134883,11.570611616607456,11.179841860398794,11.604770237343546,79.09424113750731,0.21695909321927676,78.73737518612548,79.45110708888915,78.66900912867906,79.51947314633556,-0.5923060488711691,-0.3325456427841118
2024-04-01,3.37,-0.39999999999999947,-0.4900000000000002,-0.5499999999999998,10.6,10.8,10.6,10.516666666666667,77.2442935924054,78.7616954947232,4.992817100421032,1.1769626155600053,6.009916252025627,7.946962615560005,11.280974486026263,0.10840208807318205,11.102668918289977,11.45928005376255,11.068510297553887,11.49343867449864,79.05358737992881,0.21695909321927676,78.69672142854698,79.41045333131065,78.62835537110057,79.47881938875706,-0.6809744860262636,-1.8092937875234156
2024-05-01,3.13,-0.2400000000000002,-0.39999999999999947,-0.4900000000000002,10.3,10.6,10.8,10.495833333333334,77.7219148089677,77.2442935924054,-6.983766957111914,0.9383089170213887,5.209598889203537,7.308308917021389,11.181498169858124,0.10840208807318205,11.003192602121837,11.35980373759441,10.969033981385747,11.3939623583305,78.82205830311298,0.21695909321927676,78.46519235173115,79.17892425449482,78.39682629428474,79.24729031194123,-0.8814981698581228,-1.1001434941452857
2024-06-01,3.01,-0.1200000000000001,-0.2400000000000002,-0.39999999999999947,10.6,10.3,10.6,10.483333333333333,78.9284548332107,77.7219148089677,0.0023835183115217262,0.1958561553226179,5.477795612627068,6.325856155322618,11.093365517402017,0.10840208807318205,10.91505994966573,11.271671085138303,10.88090132892964,11.305829705874393,78.68055522214249,0.21695909321927676,78.32368927076065,79.03742117352432,78.25532321331424,79.10578723097073,-0.49336551740201706,0.24789961106820613
2024-07-01,2.8099999999999996,-0.20000000000000018,-0.1200000000000001,-0.2400000000000002,10.1,10.6,10.3,10.441666666666666,78.6311692534993,78.9284548332107,1.0554303859293235,-0.0056442463533157294,5.078039610020557,6.004355753646684,11.010441816223688,0.10840208807318205,10.832136248487402,11.188747383959974,10.797977627751312,11.222906004696064,78.71410559930641,0.21695909321927676,78.35723964792457,79.07097155068824,78.28887359047816,79.13933760813465,-0.9104418162236882,-0.08293634580711284
2024-08-01,2.51,-0.2999999999999998,-0.20000000000000018,-0.1200000000000001,10.0,10.1,10.6,10.404166666666667,78.7408389934221,78.6311692534993,-6.151251834205151,-0.29721587008064265,5.065840433772273,5.512784129919357,10.932629545145938,0.10840208807318205,10.754323977409651,11.110935112882224,10.720165356673562,11.145093733618314,78.70701307220016,0.21695909321927676,78.35014712081832,79.06387902358199,78.28178106337191,79.1322450810284,-0.9326295451459377,0.03382592122194694
2024-09-01,2.49,-0.019999999999999574,-0.2999999999999998,-0.20000000000000018,9.8,10.0,10.1,10.370833333333334,78.9349519551576,78.7408389934221,-7.91742196755667,0.7573289142689328,5.1331784137094605,6.267328914268933,10.861838446243045,0.10840208807318205,10.683532878506758,11.040144013979331,10.649374257770669,11.074302634715421,78.71080179460994,0.21695909321927676,78.3539358432281,79.06766774599177,78.28556978578169,79.13603380343818,-1.0618384462430441,0.22415016054766568
2024-10-01,2.3499999999999996,-0.14000000000000057,-0.019999999999999574,-0.2999999999999998,9.9,9.8,10.0,10.304166666666667,78.2991372874272,78.9349519551576,3.3811510695326064,1.5078762344673926,5.071985206709817,6.997876234467393,10.791056150859905,0.10840208807318205,10.612750583123619,10.969361718596192,10.578591962387529,11.003520339332281,78.7405347949501,0.21695909321927676,78.38366884356826,79.09740074633193,78.31530278612185,79.16576680377834,-0.8910561508599049,-0.4413975075228933
2024-11-01,2.37,0.020000000000000462,-0.14000000000000057,-0.019999999999999574,9.5,9.9,9.8,10.279166666666667,78.8353353072157,78.2991372874272,-2.6564701127509416,1.145313380095236,5.061577608142498,6.495313380095236,10.726438220248044,0.10840208807318205,10.548132652511757,10.90474378798433,10.513974031775668,10.93890240872042,78.6836851831633,0.21695909321927676,78.32681923178147,79.04055113454514,78.25845317433506,79.10891719199155,-1.2264382202480437,0.15165012405239509
2024-12-01,2.1500000000000004,-0.21999999999999975,0.020000000000000462,-0.14000000000000057,9.5,9.5,9.9,10.225,76.4968812384086,78.8353353072157,-0.3717766345403106,1.2851323933975225,5.35436644745102,6.655132393397523,10.66226623778734,0.10840208807318205,10.483960670051054,10.840571805523627,10.449802049314965,10.874730426259717,78.70555928019665,0.21695909321927676,78.34869332881482,79.06242523157849,78.2803272713684,79.1307912890249,-1.1622662377873407,-2.2086780417880476
2025-01-01,2.0199999999999996,-0.13000000000000078,-0.21999999999999975,0.020000000000000462,9.3,9.5,9.5,10.166666666666666,79.1133963810934,76.4968812384086,6.635856420375497,1.8838294364856276,6.123194436738233,7.033829436485628,10.599001566124635,0.10840208807318205,10.420695998388348,10.777307133860921,10.386537377652258,10.81146575459701,78.42383003741165,0.21695909321927676,78.06696408602981,78.78069598879348,77.9985980285834,78.8490620462399,-1.299001566124634,0.6895663436817472
2025-02-01,1.9000000000000004,-0.11999999999999922,-0.13000000000000078,-0.21999999999999975,9.2,9.3,9.5,10.083333333333334,76.9434598232691,79.1133963810934,-4.326529352530262,1.9983855896477802,5.811980726909605,7.01838558964778,10.533566038112705,0.10840208807318205,10.355260470376418,10.711871605848991,10.321101849640328,10.74603022658508,78.51321337662775,0.21695909321927676,78.15634742524591,78.87007932800958,78.0879813677995,78.93844538545599,-1.3335660381127052,-1.5697535533586517
2025-03-01,1.8399999999999999,-0.0600000000000005,-0.11999999999999922,-0.13000000000000078,9.1,9.2,9.3,10.0375,78.3818329924556,76.9434598232691,-4.812894529860046,1.5209409803772873,5.1048779194996285,6.420940980377288,10.47063320764132,0.10840208807318205,10.292327639905034,10.648938775377607,10.258169019168944,10.683097396113697,78.31238586842875,0.21695909321927676,77.95551991704691,78.66925181981058,77.8871538596005,78.737617877257,-1.3706332076413208,0.06944712402685127
2025-04-01,1.9000000000000004,0.0600000000000005,-0.0600000000000005,-0.11999999999999922,8.8,9.1,9.2,10.020833333333334,79.1597821143294,78.3818329924556,-7.268477879266211,1.1699162520256268,4.571309823677572,6.009916252025627,10.413946130335194,0.10840208807318205,10.235640562598908,10.59225169807148,10.201481941862818,10.62641031880757,78.32088446197963,0.21695909321927676,77.9640185105978,78.67775041336147,77.89565245315138,78.74611647080788,-1.6139461303351936,0.8388976523497718
2025-05-01,1.7699999999999996,-0.13000000000000078,0.0600000000000005,-0.0600000000000005,9.0,8.8,9.1,9.941666666666668,79.9281208996791,79.1597821143294,-3.887375053262687,0.30959888920353684,4.848936793177905,5.209598889203537,10.353392092330818,0.10840208807318205,10.175086524594532,10.531697660067104,10.140927903858442,10.565856280803194,78.43120666900609,0.21695909321927676,78.07434071762425,78.78807262038792,78.00597466017784,78.85643867783433,-1.353392092330818,1.4969142306730134
2025-06-01,1.7699999999999996,0.0,-0.13000000000000078,0.0600000000000005,8.9,9.0,8.8,9.879166666666668,79.8645110986249,79.9281208996791,8.415213647538256,0.7077956126270681,4.346278299956952,5.477795612627068,10.293332500091521,0.10840208807318205,10.115026932355235,10.471638067827808,10.080868311619145,10.505796688563898,78.6238565651581,0.21695909321927676,78.26699061377627,78.98072251653994,78.19862455632986,79.04908857398635,-1.393332500091521,1.2406545334667953
2025-07-01,1.7999999999999998,0.03000000000000025,0.0,-0.13000000000000078,9.0,8.9,9.0,9.845833333333333,79.1201317197266,79.8645110986249,0.03478276468547037,0.3080396100205576,3.8400258236460205,5.078039610020557,10.236961818702495,0.10840208807318205,10.058656250966209,10.415267386438781,10.024497630230119,10.449426007174871,78.78268227760859,0.21695909321927676,78.42581632622675,79.13954822899042,78.35745026878034,79.20791428643683,-1.236961818702495,0.33744944211801453
2025-08-01,1.8200000000000003,0.020000000000000462,0.03000000000000025,0.0,9.0,9.0,8.9,9.816666666666666,80.3758079472998,79.1201317197266,-3.343002665987882,0.26584043377227307,3.6388005361179365,5.065840433772273,10.183664069017878,0.10840208807318205,10.005358501281592,10.361969636754164,9.971199880545502,10.396128257490254,78.8265901136692,0.21695909321927676,78.46972416228736,79.18345606505103,78.40135810484095,79.25182212249744,-1.183664069017878,1.5492178336306068
2025-09-01,1.83,0.009999999999999787,0.020000000000000462,0.03000000000000025,8.8,9.0,9.0,9.791666666666666,78.5681734533194,80.3758079472998,0.570877612242171,0.3131784137094602,3.951914553198854,5.1331784137094605,10.134073342572252,0.10840208807318205,9.955767774835966,10.312378910308539,9.921609154099876,10.346537531044628,79.02572261461657,0.21695909321927676,78.66885666323473,79.3825885659984,78.60049060578832,79.45095462344482,-1.3340733425722515,-0.45754916129716605
2025-10-01,1.9900000000000002,0.16000000000000014,0.009999999999999787,0.020000000000000462,8.9,8.8,9.0,9.745833333333334,79.8674412193895,78.5681734533194,-5.575131782476639,0.24198520670981694,4.541661233537608,5.071985206709817,10.08552114296659,0.10840208807318205,9.907215575230303,10.263826710702876,9.873056954494213,10.297985331438966,78.96549813218763,0.21695909321927676,78.6086321808058,79.32236408356947,78.54026612335939,79.39073014101588,-1.1855211429665893,0.9019430872018717
2025-11-01,1.8499999999999996,-0.14000000000000057,0.16000000000000014,0.009999999999999787,8.4,8.9,8.8,9.700000000000001,79.679369979399,79.8674412193895,-0.5108620249892226,0.0715776081424977,4.837940138045105,5.061577608142498,10.035816824958674,0.10840208807318205,9.857511257222388,10.21412239269496,9.823352636486298,10.24828101343105,79.08424445872936,0.21695909321927676,78.72737850734752,79.4411104101112,78.65901244990111,79.5094764675576,-1.635816824958674,0.5951255206696402
2025-12-01,2.0199999999999996,0.16999999999999993,-0.14000000000000057,0.16000000000000014,8.4,8.4,8.9,9.620833333333334,77.4728701148565,79.679369979399,-3.147972188273407,0.5043664474510203,4.7185694759001695,5.35436644745102,9.984087485688558,0.10840208807318205,9.805781917952272,10.162393053424845,9.771623297216182,10.196551674160935,79.15860882881758,0.21695909321927676,78.80174287743574,79.51547478019941,78.73337681998933,79.58384083764582,-1.584087485688558,-1.6857387139610722
