t,PIB,Potential_PIB,bkt_PIB,cft_PIB,bwt_PIB,hpt_PIB,kalmant_PIB,lnPIB,lnPotential_PIB,lnbkt_PIB,lncft_PIB,lnbwt_PIB,lnhpt_PIB,lnkalmant_PIB,gap_bk,gap_cf,gap_bw,gap_hp,gap_kalman,gap_potential,Variation
1949Q1,2182.681,2244.696747092369,,2187.5847978368365,2191.735085363782,2114.6162697322193,2054.0910878386035,7.688309216692008,7.716325711806171,,7.690553382205848,7.692448785547073,7.656628642268742,7.627588736067348,,-0.0022441655138401018,-0.004139568855065612,0.031680574423265995,0.060720480624659956,-0.028016495114163043,
1949Q2,2176.892,2275.992395593459,,2196.2198340627715,2205.014180922767,2139.870603638243,2041.846904749097,7.68565345044952,7.730171454112986,,7.6944929042050525,7.698489219117756,7.6685006405981735,7.621610022725488,,-0.008839453755532745,-0.012835768668236547,0.017152809851346262,0.06404342772403204,-0.04451800366346603,
1949Q3,2172.432,2308.797507930488,,2197.4171636195997,2218.286175303355,2165.1674780006824,2034.256979503718,7.683602556304456,7.744482108640337,,7.695037933112584,7.7044901836195985,7.6802529944888835,7.617885910566932,,-0.011435376808127451,-0.020887627315142154,0.003349561815572777,0.065716645737524,-0.06087955233588094,
1949Q4,2206.452,2340.253351151812,,2220.604021903797,2231.8901067890865,2190.5725716486786,2068.5493789448337,7.699141074564077,7.7580144722140005,,7.705534519797395,7.710604086979555,7.6919182368803165,7.634602857477709,,-0.006393445233317863,-0.011463012415478424,0.007222837683760197,0.06453821708636731,-0.05887339764992383,
1950Q1,2239.682,2373.175207794116,,2230.124560326341,2246.1529635698735,2216.1561037376227,2105.4473976401023,7.714089170485488,7.77198408758886,,7.709812719542823,7.716974237863538,7.7035294893110375,7.652283263979565,,0.004276450942665377,-0.0028850673780498326,0.01055968117445083,0.061805906505923325,-0.05789491710337202,0.026115130887197857
1950Q2,2276.69,2405.76009303325,,2245.815262918732,2261.379574910201,2241.9982180656248,2149.4287164104744,7.730477912746109,7.785621179606801,,7.716823880321031,7.7237303374050805,7.7151228088350114,7.672957372516222,,0.013654032425078455,0.0067475753410288775,0.015355103911097956,0.05752054022988773,-0.05514326686069193,0.04584425869542463
1950Q3,2289.77,2437.705949082133,,2257.585295425314,2277.843403042414,2268.193762115957,2172.615630405531,7.736206654822961,7.798812691233891,,7.722051067711512,7.73098439846704,7.726739094230176,7.683687080305693,,0.01415558711144893,0.005222256355921218,0.009467560592785418,0.05251957451726863,-0.06260603641092999,0.054012277484404736
1950Q4,2292.364,2470.004369447654,,2286.278168021732,2295.778519288611,2294.8592657356,2188.2012730175434,7.737338878488664,7.811975198627605,,7.73468052025104,7.73882728906206,7.738426798494803,7.690835148807232,,0.002658358237624725,-0.001488410573395882,-0.0010879200061388872,0.04650372968143213,-0.07463632013894106,0.03893671831519563
1951Q1,2260.807,2502.161910107127,,2299.203779656977,2315.3730008549287,2322.124743920213,2172.2007480589373,7.723477108174585,7.82491040120614,,7.740318159224321,7.747326077020792,7.7502378834333525,7.683496102224358,,-0.016841051049736322,-0.02384896884620691,-0.026760775258767744,0.03998100595022702,-0.10143329303155557,0.009432142598815307
1951Q2,2253.128,2534.281180095102,,2334.003102961795,2336.7639302224097,2350.1186521243717,2182.26000020392,7.720074751956478,7.837665317667182,,7.755340142306541,7.756522315411099,7.762221096129304,7.688116316124799,,-0.035265390350063264,-0.03644756345462152,-0.042146344172826034,0.03195843583167868,-0.11759056571070392,-0.010349235073725427
1951Q3,2276.424,2568.230546943997,,2378.522621003121,2360.034119319343,2378.9311222127003,2225.039254387445,7.730361069635965,7.850972437627503,,7.774234826444357,7.766431355253854,7.774406557472185,7.707529836866039,,-0.04387375680839245,-0.03607028561788894,-0.044045487836219976,0.022831232769926046,-0.12061136799153793,-0.005828532996763891
1951Q4,2257.352,2604.063412218286,,2351.926506824791,2385.210618103743,2408.591666892246,2226.7157722661113,7.721947723895084,7.864828354882299,,7.7629900614320135,7.77704270890085,7.786797485089533,7.708283031032333,,-0.0410423375369291,-0.05509498500576537,-0.06484976119444852,0.013664692862751515,-0.14288063098721437,-0.015273316105121282
1952Q1,2346.104,2640.576257469108,2440.147519688265,2410.3543024396145,2412.2650042749124,2439.0657319186735,2336.9706483865093,7.760511359006629,7.878752451665251,7.799813775348316,7.7875290291397015,7.788321420914277,7.799370348208925,7.756610774933461,-0.03930241634168663,-0.027017670133072436,-0.027810061907647565,-0.03885898920229636,0.0039005840731682895,-0.11824109265862237,0.03772856329620344
1952Q2,2417.682,2678.705725804329,2469.1942112709585,2441.5232187652746,2441.115389990385,2470.2242382558416,2430.2764176511555,7.7905645088784174,7.89308901872001,7.811647146142684,7.800377393497565,7.80021034088175,7.812064210220304,7.795760281985129,-0.021082637264266957,-0.009812884619147866,-0.0096458320033328,-0.02149970134188628,-0.005195773106711599,-0.10252450984159278,0.07303357820771827
1952Q3,2511.127,2714.407476309234,2520.157520705159,2495.6832410449765,2471.630024965115,2501.8800057851595,2545.1390684906733,7.828486935337768,7.906328967779974,7.832076686768245,7.822317814803369,7.812633141100219,7.8247977305582905,7.841940571299435,-0.0035897514304767952,0.0061691205343992195,0.0158537942375494,0.0036892047794774285,-0.013453635961666599,-0.07784203244220578,0.1031016190305496
1952Q4,2559.214,2748.074991644584,2533.2629029372474,2511.8322404026158,2503.632325211086,2533.813015489126,2613.8062312870843,7.847455459079864,7.9186559425057625,7.837263435747706,7.828767742078774,7.82549788645908,7.837480567901593,7.868562764155459,0.010192023332158406,0.018687717001090398,0.021957572620784127,0.009974891178271328,-0.021107305075594773,-0.07120048342589858,0.1337239384907627
1953Q1,2593.967,2778.382072927863,2544.214584197877,2525.182871443525,2536.9071146536453,2565.809027721628,2667.7951526970046,7.860943643130087,7.929624049108394,7.84157727003721,7.834068763421014,7.8387009466521915,7.85002911829125,7.8890076247388805,0.019366373092876366,0.026874879709072985,0.02224269647789523,0.010914524838836925,-0.028063981608793753,-0.06868040597830749,0.10564876919352262
1953Q2,2638.898,2806.440536538063,2578.9322281370432,2562.168866721454,2571.2078342635446,2597.6696784518713,2730.1441794854745,7.878116684752187,7.9396722463929805,7.85513072718672,7.848609392353838,7.85213104190749,7.862370044594209,7.91210969978279,0.022985957565467174,0.029507292398348817,0.025985642844696955,0.01574664015797822,-0.033993015030603146,-0.06155556164079368,0.09149921288242213
1953Q3,2693.259,2831.603199551013,2637.3123857221567,2623.840090542834,2606.264451062709,2629.214202381736,2799.6764223445034,7.8985072634562705,7.948598331843955,7.8775156418787375,7.872394207102892,7.865673230304002,7.874440298163107,7.937259126036934,0.020991621577532982,0.02611305635337846,0.03283403315226874,0.0240669652931631,-0.03875186258066332,-0.05009106838768407,0.07252998354921925
1953Q4,2699.156,2854.151633941618,2657.7462027436695,2649.046419015797,2641.7917878268368,2660.287601914069,2818.124318333604,7.900694410532579,7.956529926948337,7.885233750419192,7.8819550123408115,7.879212673432746,7.886189516951415,7.9438268072888185,0.015460660113387092,0.01873939819176762,0.021481737099833254,0.014504893581164247,-0.043132396756239366,-0.055835516415758235,0.054681632720046114
1954Q1,2727.954,2875.447683132139,2702.4272181595543,2698.864782046674,2677.497993483537,2690.7749074502285,2856.543819030221,7.911307156651096,7.963963656981041,7.901905617849897,7.900586512484251,7.892638052922384,7.89758450079588,7.957367718158961,0.00940153880119965,0.010720644166845261,0.018669103728712777,0.013722655855216814,-0.04606056150786486,-0.0526565003299444,0.05165331710079579
1954Q2,2733.8,2894.694024727424,2713.5031817775744,2714.3147986695662,2713.0928836092708,2720.5854421403765,2868.8450137977443,7.913447861718553,7.9706346934809735,7.905995766076044,7.90629482433517,7.905844548567263,7.908602372211102,7.961664793538472,0.007452095642508816,0.007153037383383243,0.0076033131512902585,0.004845489507451006,-0.04821693181991904,-0.057186831762420454,0.035962738991806464
1954Q3,2753.517,2912.937382855502,2720.637686667291,2725.1735496618708,2748.2958991743108,2749.6517660675195,2891.6919524111245,7.920634282643891,7.976917260969902,7.908621575440111,7.910287393018663,7.918736325556409,7.919229552121394,7.969597060458387,0.012012707203780337,0.010346889625227895,0.0018979570874817497,0.001404730522497566,-0.04896277781449587,-0.05628297832601081,0.022373637292217197
1954Q4,2843.941,2931.776023729266,2786.112985331524,2794.2493395843862,2782.843458536916,2777.9146984133267,2981.8435624121316,7.952946045278969,7.983363669818966,7.932402708194935,7.935318776917616,7.9312285107655915,7.929455816728133,8.000297033322196,0.020543337084033553,0.017627268361352755,0.021717534513377323,0.023490228550835823,-0.04735098804322746,-0.030417624539997412,0.05364084180388229
1955Q1,2896.811,2950.192608390797,2817.394905744104,2830.7771146564232,2816.4955111350514,2805.317474130675,3031.045557015081,7.9713657557377875,7.989625738182434,7.943567944683769,7.948306551760452,7.943248664559329,7.939271993060515,8.016662907302843,0.02779781105401824,0.023059203977335407,0.02811709117845851,0.03209376267727215,-0.045297151565055316,-0.018259982444646106,0.06189877102033248
1955Q2,2919.206,2969.955578594302,2841.527021305659,2860.534067480099,2849.041139662271,2831.844594610933,3046.467254396301,7.979066940477758,7.996302274982638,7.952096870213572,7.95876362326189,7.954737774429549,7.948683578523659,8.021737921032818,0.026970070264185964,0.020303317215867978,0.02432916604820967,0.030383361954099186,-0.04267098055505958,-0.01723533450487924,0.06781988440997866
1955Q3,2902.785,2989.257176467806,2860.075251064594,2882.478829249294,2880.3030989341264,2857.537744699139,3019.9393608250352,7.973425899966075,8.002780199555461,7.958603215028802,7.96640590753664,7.965650810277829,7.957715604575302,8.012992030970317,0.01482268493727279,0.0070199924294351845,0.0077750896882458065,0.01571029539077262,-0.03956613100424189,-0.029354299589386734,0.05420994313817573
1955Q4,2858.845,3009.207106913815,2874.554353099176,2897.6126896690307,2910.1412223251036,2882.493210118697,2963.0077407748126,7.958172976092233,8.009431903411915,7.96365293359885,7.971642466491809,7.975956888996622,7.966410896587516,7.993960160048996,-0.005479957506617339,-0.01346949039957579,-0.017783912904389076,-0.008237920495282935,-0.035787183956762725,-0.05125892731968218,0.005240615047921171
1956Q1,2845.192,3029.341859722423,2917.520887725585,2940.4275575457204,2938.454668821862,2906.835556127576,2933.7982876412443,7.953385831102279,8.016100666897936,7.978489523595437,7.986310277495779,7.985639099294905,7.974820330719265,7.9840532063876815,-0.02510369249315758,-0.03292444639349945,-0.032253268192625306,-0.021434499616985292,-0.030667375285402088,-0.0627148357956564,-0.017819250203068182
1956Q2,2848.305,3049.200365316192,2947.951520830493,2973.5301067222563,2965.1830237757968,2930.6745678524208,2919.1730534180947,7.954479359494482,8.022634659921337,7.988865808408235,7.99750511410708,7.994694037612998,7.982987903448708,7.97905565426917,-0.034386448913752865,-0.04302575461259739,-0.040214678118515756,-0.028508543954226084,-0.024576294774687923,-0.06815530042685491,-0.024287768660382403
1956Q3,2880.482,3070.019198846718,2966.1483713611938,2997.4204112564194,2990.3063029304462,2954.081503197296,2931.8668114210914,7.965712920237794,8.029439094257688,7.995019545506458,8.00550733484155,8.003131103589517,7.990943053501937,7.98339463612929,-0.029306625268663566,-0.039794414603755435,-0.03741818335172287,-0.025230133264142474,-0.01768171589149592,-0.06372617401989356,-0.007683311027168682
1956Q4,2936.852,3091.975551467135,2977.489086590801,3013.138570812771,3013.8439410841647,2977.076139086361,2967.488303835525,7.985093538372913,8.036565502647312,7.998835635929976,8.01073752904944,8.010971599838005,7.9986969364651275,7.9954711850558455,-0.013742097557062571,-0.02564399067652623,-0.025878061465091307,-0.013603398092214114,-0.010377646682932173,-0.051471964274398374,0.02728619424977574
1957Q1,3020.746,3115.645863044004,3006.9325298463486,3043.776743003422,3035.8528729488,2999.6322527542734,3029.8794274962347,8.01325909973208,8.044191749390652,8.00867574504021,8.020854372994657,8.018247676520703,8.006244977721167,8.016278104806123,0.004583354691870767,-0.007595273262577251,-0.004988576788623078,0.007014122010913226,-0.0030190050740426244,-0.03093264965857223,0.061701987071522746
1957Q2,3069.91,3141.002523135891,3014.4551021955344,3050.1109237629107,3056.424833805814,3021.6984813487625,3057.3156579014767,8.02940352419061,8.052297302828961,8.011174363871135,8.022933237386997,8.025001156922254,8.013574363317735,8.025292573969862,0.018229160319474857,0.006470286803612169,0.0044023672683550785,0.015829160872874226,0.004110950220747256,-0.022893778638351847,0.07780241231188367
1957Q3,3111.379,3167.611044609475,3041.059714610081,3073.943346521065,3075.6830211693414,3043.2366581095853,3077.3670032581044,8.04282131525697,8.06073296907392,8.019961323989037,8.03071649403966,8.031282276280944,8.020676918187295,8.031829641286631,0.02285999126793392,0.012104821217310047,0.011539038976026816,0.022144397069675748,0.010991673970339733,-0.017911653816948814,0.08015915391937867
1957Q4,3130.068,3195.403674038452,3070.7438966289415,3099.9560822759136,3093.778265856117,3064.238748475657,3075.475837963087,8.048810008537826,8.069468704382649,8.029675122834046,8.039143223365114,8.037148362713605,8.027554448345612,8.031214912322028,0.019134885703779858,0.009666785172711911,0.011661645824220912,0.021255560192214418,0.017595096215798023,-0.020658695844822716,0.06579017260658704
1958Q1,3117.922,3223.285962767317,3082.0847018600643,3106.253472340144,3110.8848619123874,3084.7393068495726,3044.093914211608,8.044922033268895,8.078156603528733,8.033361498260387,8.041172607700297,8.042662486219946,8.034222429316543,8.020958570743373,0.011560535008507955,0.0037494255685981415,0.002259547048948818,0.010699603952351922,0.02396346252552206,-0.03323457025983778,0.03216953692895719
1958Q2,3143.694,3252.084237192734,3125.3513935714336,3143.143175294932,3127.196200263024,3104.814030916131,3052.4478803005586,8.053153820568122,8.087051373528016,8.04730200179179,8.052978589465067,8.047892099417577,8.04070909914914,8.02369913140848,0.005851818776331896,0.00017523110305539547,0.005261721150544574,0.012444721418981786,0.029454689159642555,-0.033897552959894384,0.02403458081833021
1958Q3,3140.874,3281.334502919648,3121.943289641943,3133.036370232355,3142.9203414207254,3124.5593575433477,3034.456629456809,8.052256384120854,8.096005479279073,8.046210936157655,8.049757899640749,8.05290769171683,8.04704854664215,8.01778765268961,0.00604544796319928,0.0024984844801050343,-0.0006513075959766468,0.005207837478703681,0.03446873143124485,-0.04374909515821912,0.009479719442729406
1958Q4,3192.57,3312.233767691655,3157.0660749022013,3163.1897711860734,3158.275648959775,3144.096023579918,3073.6017235364384,8.06858151405629,8.105378095046861,8.057398417988066,8.059336218719316,8.057781476934124,8.053281694933823,8.030605352769093,0.01118309606822443,0.00924529533697438,0.010800037122166373,0.01529981912246825,0.037976161287197385,-0.03679658099057015,0.019968256280694208
1959Q1,3213.011,3343.749535521302,3162.9836919823742,3165.323242951485,3173.4865886543416,3163.5549625260733,3084.421212085488,8.074963782701657,8.114848071734789,8.059271067422099,8.060010459837718,8.062586132695163,8.059451662397155,8.034119305151306,0.015692715279557845,0.014953322863938467,0.012377650006493823,0.015512120304501664,0.040844477550351144,-0.03988428903313235,0.030497555743857596
1959Q2,3205.97,3376.581824353419,3165.83077492201,3162.480918782703,3188.7797791952776,3183.0974041173085,3070.9250083594548,8.072769975670944,8.124619182203698,8.060170788261313,8.059112099431076,8.067393608242764,8.065610028170246,8.029734100852355,0.01259918740963073,0.013657876239868472,0.005376367428180373,0.007159947500698038,0.04303587481858884,-0.051849206532754266,0.01980981609533239
1959Q3,3237.386,3411.268456920645,3238.7856977883384,3227.424971868471,3204.3803602331636,3202.9154881125396,3099.211057221,8.082521493032612,8.134839482611252,8.082953753903833,8.07943987593424,8.072274015322417,8.071816764032382,8.038902860412565,-0.0004322608712215015,0.0030816170983722913,0.01024747771019463,0.010704729000229563,0.04361863262004739,-0.05231798957863987,0.030727752848411116
1959Q4,3203.894,3446.421530513806,3264.3181272189418,3244.268375996017,3220.508723122679,3223.215649643108,3065.9914340444666,8.07212222399553,8.145091734190062,8.090806176781529,8.08464514177515,8.077294614606993,8.078134789177806,8.028126265574128,-0.01868395278599877,-0.012522917779620002,-0.005172390611463129,-0.006012565182276219,0.04399595842140158,-0.07296951019453246,0.003546985657322921
1960Q1,3120.724,3482.533367449192,3228.91470261013,3202.5675802185374,3237.3776300739387,3244.225867910284,2986.489431071845,8.045820305165845,8.155515287072292,8.079901354370385,8.071708135880334,8.082518907632885,8.084632039171021,8.001853873264992,-0.03408104920453958,-0.025887830714488302,-0.036698602467039265,-0.03881173400517568,0.04396643190085392,-0.109694981906447,-0.028722901975747894
1960Q2,3141.224,3518.110307163169,3263.2086702955235,3232.6203293084727,3255.189729263812,3266.1620460843114,3013.962721571355,8.05236781186374,8.165679279883593,8.090466244991582,8.081048334797261,8.088005841504268,8.091370888369479,8.01101101068638,-0.03809843312784267,-0.028680522933521857,-0.03563802964052876,-0.03900307650573964,0.041356801177359515,-0.11331146801985348,-0.02019544786757199
1960Q3,3213.884,3553.620242787998,3311.44806836079,3276.9207898150803,3274.1354575140235,3289.162898667992,3096.7296028803266,8.075235453549046,8.175722149541093,8.105140855591827,8.094659476851927,8.09380913078139,8.098388373289719,8.038101866791266,-0.029905402042780693,-0.0194240233028804,-0.018573677232343044,-0.023152919740672573,0.03713358675778089,-0.1004866959920463,-0.007259560645533125
1960Q4,3289.032,3588.401798368697,3338.875777061221,3299.698264836522,3294.391308945803,3313.2890538853235,3184.8692130139098,8.09834857554276,8.185462200846718,8.11338943561613,8.101586308376122,8.099976698140432,8.105696646874696,8.066166503745213,-0.0150408600733698,-0.0032377328333623723,-0.0016281225976726432,-0.007348071331936268,0.032182071797546286,-0.08711362530395839,0.026573288629399228
1961Q1,3352.129,3623.226237928527,3353.7110008159466,3309.9704187430166,3316.1184379515616,3338.5540906486362,3263.5226565379626,8.117350945348338,8.195120133860884,8.117822773141755,8.104694531395529,8.106550232731808,8.113293085248037,8.090562460455942,-0.0004718277934170345,0.012656413952809586,0.010800712616530816,0.004057860100301625,0.02678848489239627,-0.077769188512546,0.07415106238167812
1961Q2,3427.667,3656.71758635011,3396.5677753748005,3350.5310488537225,3339.4615580858635,3364.956427211584,3356.7988811981677,8.13963513380896,8.204321189668326,8.130520722907406,8.116874134301707,8.11356486282106,8.121170293172282,8.118743084907763,0.009114410901554848,0.022760999507253743,0.026070270987901267,0.018464840636678304,0.02089204890119767,-0.06468605585936515,0.09118833932250614
1961Q3,3430.057,3691.178554448068,3386.339792721282,3340.5502654856477,3364.5480950947313,3392.5029661461635,3378.6721180303057,8.140332158097708,8.213701077489322,8.127504909908952,8.113890822546335,8.121048937397575,8.12932326603323,8.125238046797518,0.012827248188756357,0.026441335551373513,0.01928322070013344,0.011008892064477749,0.015094111300189894,-0.07336891939161383,0.06726222850606911
1961Q4,3439.832,3725.696720885487,3399.5494335473145,3354.9278887878463,3391.487552122698,3421.2398041323654,3409.19562093665,8.143177911965566,8.223009152487906,8.131398182277854,8.1181855555199,8.129023910063225,8.137758280191841,8.134231654163171,0.011779729687711793,0.02499235644566511,0.014154001902340951,0.005419631773724731,0.008946257802394442,-0.07983124052234025,0.04584935628476705
1962Q1,3517.181,3761.427193114761,3491.974461343481,3447.232721860066,3420.3710478466132,3451.2365091213383,3508.0474898855996,8.165415095465919,8.232553737001375,8.158222603457228,8.145327078557594,8.137504317694056,8.14648785425341,8.162814890996108,0.007192492008691431,0.020088016908324846,0.027910777771863238,0.018927241212509216,0.0026002044698110183,-0.06713864153545579,0.0492379619042107
1962Q2,3498.246,3798.757671734879,3498.3748945343264,3451.851432813316,3451.270993427749,3482.5742691866485,3510.840262098645,8.160016979006311,8.242429363770887,8.160053823802189,8.146666013274062,8.146497846073455,8.155527031826168,8.163610678721774,-3.684479587739986e-05,0.01335096573224881,0.013519132932856337,0.004489947180143616,-0.0035936997154628614,-0.08241238476457546,0.020590973393856515
1962Q3,3515.385,3837.88919933192,3549.011837395842,3501.4266643229466,3484.2408811797186,3515.375487708663,3549.3969206931993,8.164904328829945,8.252677806774138,8.17442448805819,8.160925782801687,8.156005474841777,8.164901622923136,8.174532986543092,-0.009520159228245006,0.003978546028257313,0.008898853988167588,2.7059068088419735e-06,-0.009628657713147248,-0.08777347794419299,0.02487655452956039
1962Q4,3470.278,3878.403538720957,3538.9535032210983,3492.6585029290745,3519.3151660715057,3549.7723628995054,3524.8700973199016,8.151989985005622,8.263178888852263,8.171586341864437,8.158418473903472,8.166021694570523,8.174638757286585,8.167598862743182,-0.019596356858814445,-0.00642848889784986,-0.014031709564900297,-0.02264877228096296,-0.015608877737559368,-0.11118890384664049,0.008851013654155082
1963Q1,3493.703,3919.734297545736,3584.760367856978,3543.4504594017017,3556.509229936604,3585.897098916483,3567.5310326735485,8.158717484219004,8.273779149248924,8.18444690780297,8.17285623745601,8.176534789400513,8.184763958526503,8.17962904803034,-0.025729423583966238,-0.014138753237006085,-0.01781730518150937,-0.026046474307499068,-0.020911563811337075,-0.11506166502991988,-0.006675232238545603
1963Q2,3553.021,3961.875661976665,3641.3166064254124,3607.28062971005,3595.819426857762,3623.8322159400886,3644.2670760915544,8.17555350650173,8.284472844125128,8.200100600293206,8.190709479293869,8.187527179330074,8.195287368061306,8.200910547706073,-0.024547093791476016,-0.015155972792138428,-0.011973672828343496,-0.019733861559576127,-0.02535704120434268,-0.1089193376233979,0.015657846818091237
1963Q3,3621.252,4004.617311588538,3682.5568370877404,3653.8592586050495,3637.2232160024587,3663.602612838993,3727.6693392008765,8.194575101378886,8.295203302274976,8.211362582593166,8.203539219120357,8.198975816763989,8.206202262717516,8.22353847530542,-0.016787481214279865,-0.008964117741470545,-0.0044007153851026715,-0.011627161338630287,-0.028963373926533365,-0.10062820089608948,0.030115335873595495
1963Q4,3692.289,4048.058829324358,3718.003596245918,3690.0196879784316,3680.679394637707,3705.1889314719056,3811.257255674859,8.214001869915677,8.305992743797558,8.220942135533724,8.213387072515848,8.210852632231223,8.217489530079693,8.245714402052664,-0.006940265618046837,0.0006147973998285039,0.003149237684453965,-0.0034876601640156935,-0.03171253213698755,-0.09199087388188154,0.06397498989994466
1964Q1,3758.147,4091.479802521741,3758.9352566404464,3730.1534861621476,3726.1284487067223,3748.5453445645107,3886.736780880098,8.231681295759735,8.316661993506942,8.231891019856512,8.224204660896394,8.223125024186958,8.229123135592511,8.265325210751216,-0.00020972409677710857,0.007476634863341047,0.008556271572777163,0.0025581601672239884,-0.03364391499148134,-0.0849806977472074,0.07569160858836588
1964Q2,3792.149,4135.866758950207,3790.9184934938044,3764.1763200085866,3773.4930408926803,3793.6179623853236,3927.1940024612227,8.240688155851897,8.32745220071534,8.240363615283572,8.233284343393626,8.235756387518288,8.241075450218036,8.275680455563318,0.0003245405683252045,0.007403812458271375,0.004931768333609199,-0.0003872943661384909,-0.03499229971142093,-0.08676404486344325,0.06730272632782075
1964Q3,3838.776,4180.802022452539,3855.552476032135,3835.63289951347,3822.6786563660135,3840.358896237505,3976.950968992835,8.252908844770193,8.338258378513968,8.257269589874758,8.252089732652655,8.24870667480547,8.253321103776269,8.288270716490212,-0.004360745104564856,0.0008191121175382676,0.0042021699647225574,-0.00041225900607599897,-0.03536187172001881,-0.0853495337437753,0.060068727611334305
1964Q4,3851.421,4225.922039152623,3891.910693941566,3880.755074386947,3873.5744244090142,3888.7193393227267,3989.323612754902,8.256197450093627,8.348992750100637,8.266655496984452,8.263785020484631,8.261932983624051,8.26583516372502,8.29137697490086,-0.010458046890825301,-0.007587570391004661,-0.0057355335304247745,-0.009637713631393652,-0.03517952480723352,-0.09279530000701008,0.043098468185995165
1965Q1,3893.482,4272.250107271203,3948.770107747528,3942.8449491536503,3926.0541299878423,3938.6494955325084,4027.7166364349637,8.26705915191659,8.359895924635849,8.281159444283773,8.279657810039188,8.275390162308307,8.278593175902385,8.30095490291179,-0.014100292367183798,-0.01259865812259875,-0.008331010391717797,-0.011534023985795727,-0.03389575099520137,-0.09283677271925939,0.03601109802250946
1965Q2,3937.183,4317.646712290367,3993.1243702918036,3985.5852606171848,3979.9774233945823,3990.076257296295,4064.4443591026925,8.278220771956443,8.370465790286664,8.292329253658503,8.290439446342,8.28903142574847,8.29156562180561,8.310032323611486,-0.014108481702059805,-0.012218674385557904,-0.010810653792027836,-0.013344849849167062,-0.03181155165504279,-0.09224501833022103,0.03824586006509767
1965Q3,4023.755,4364.56020480614,4068.0556847274565,4057.6661018578084,4035.1912287326145,4042.898287358823,4140.909483552188,8.299970825234178,8.381272708284902,8.310920445552506,8.308363235545997,8.30280897207985,8.30471711160945,8.328670724710236,-0.010949620318328357,-0.00839241031181892,-0.0028381468456721848,-0.004746286375272746,-0.028699899476057666,-0.08130188305072394,0.04818697418135365
1965Q4,4050.147,4411.716106638424,4080.2548632474854,4071.4883748981124,4091.5313437873438,4096.981190179017,4154.30988002033,8.306508455738186,8.392019032572932,8.313914731929485,8.31176390566502,8.316674590646231,8.31800568641576,8.331901599636513,-0.007406276191298744,-0.0052554499268335775,-0.010166134908045521,-0.011497230677573356,-0.025393143898327253,-0.08551057683474639,0.05159809846807195
1966Q1,4135.553,4459.595106458209,4158.922752219774,4156.904610852041,4148.824215296875,4152.178605661202,4224.15943815054,8.327376334912492,8.402813257587722,8.333011365927662,8.332525992357663,8.330580251466381,8.331388440698275,8.34857557044802,-0.005635031015170711,-0.005149657445171485,-0.0032039165538897407,-0.004012105785783149,-0.02119923553552816,-0.07543692267523028,0.06217339646105979
1966Q2,4180.592,4508.122290468056,4209.215848082564,4213.260668315248,4206.888865427632,4208.314902340839,4251.46021433322,8.338208142284932,8.413636002224745,8.345031649965186,8.345992132439852,8.34447866665677,8.34481758582408,8.355017782751535,-0.006823507680254082,-0.007783990154919707,-0.006270524371837283,-0.006609443539147719,-0.016809640466602715,-0.07542785993981305,0.061823135983265054
1966Q3,4245.918,4557.663922700653,4287.191399817983,4290.850387368169,4265.538937971073,4265.204057749852,4297.302978921443,8.353713329782792,8.424565473585789,8.36338711216491,8.364240217771732,8.358323814890152,8.358245303505724,8.365742890696222,-0.00967378238211758,-0.010526887988939748,-0.004610485107360063,-0.0045319737229316814,-0.012029560913429549,-0.07085214380299654,0.05521285465939152
1966Q4,4259.046,4607.37472803029,4309.007126891394,4306.282791347945,4324.584826960915,4322.642722606203,4289.682477466799,8.356800470522318,8.435413500466879,8.368462791569307,8.367830349559785,8.37207142099202,8.371622235544724,8.363967994606345,-0.011662321046989277,-0.011029879037467438,-0.015270950469702171,-0.014821765022405842,-0.007167524084026766,-0.07861302994456132,0.05157812790498717
1967Q1,4362.111,4658.411746113664,4405.377703076618,4396.779830435274,4383.835846527138,4380.4154938417605,4371.244598863779,8.380711393480444,8.44642984201073,8.390581278866222,8.388627695249232,8.385679384160197,8.384898860479122,8.38280305277231,-0.009869885385777266,-0.007916301768787548,-0.004967990679752177,-0.004187466998677891,-0.0020916592918656107,-0.0657184485302853,0.05478300000024183
1967Q2,4417.225,4710.251841362436,4435.3406628868615,4426.179763941575,4443.102399191211,4438.2672204367655,4404.630822619347,8.393266949850883,8.457496655084721,8.397359704169602,8.395292135227145,8.399108149978721,8.39801931358541,8.390411726145159,-0.0040927543187194715,-0.002025185376261618,-0.005841200127838064,-0.00475236373452681,0.002855223705724441,-0.06422970523383853,0.056602749084340376
1967Q3,4515.427,4762.752023257061,4495.429851882735,4490.903418588194,4502.198100652208,4495.9313110628045,4481.415153517647,8.41525503502269,8.468580936304033,8.410816571228505,8.40980916730944,8.412321023308936,8.410928113668298,8.407694158010282,0.004438463794185665,0.005445867713250507,0.002934011713755069,0.00432692135439261,0.007560877012409151,-0.05332590128134207,0.06347484807761239
1967Q4,4619.458,4816.313692140314,4560.02458465025,4560.573079712007,4560.9418224308865,4553.128023003693,4564.865967530388,8.438032661176406,8.479764120278633,8.425083293864567,8.425203569987383,8.425284421188755,8.423569753323763,8.426144431706549,0.0129493673118386,0.012829091189022535,0.012748239987651289,0.014462907852642815,0.011888229469857237,-0.041731459102226864,0.0846227065873435
1968Q1,4731.888,4870.102307212856,4644.8603280653715,4646.117565647375,4619.159619363761,4609.589798348829,4658.060016914135,8.462079556179118,8.490870223497222,8.44351658148807,8.4437872177126,8.437968066959254,8.435894151196269,8.446354335057315,0.018562974691047174,0.018292338466517677,0.02411148921986417,0.026185404982848937,0.0157252211218033,-0.028790667318103758,0.08477019498128313
1968Q2,4748.046,4923.72150005846,4655.514327644032,4652.041959617747,4676.686516530049,4665.090535423236,4656.799960224551,8.465488443972434,8.501819926009102,8.445807672897478,8.445061533292149,8.4503451288663,8.447862520472167,8.446083787416157,0.019680771074956027,0.02042691068028546,0.015143315106135091,0.01762592350026715,0.019404656556277544,-0.03633148203666714,0.07489340026826796
1968Q3,4788.254,4978.410896415176,4713.055069335558,4704.687888568762,4733.368139246914,4719.480568927965,4681.836681087607,8.47392111456069,8.512866021990998,8.458091611416375,8.456314713701982,8.46239230825623,8.459454023567831,8.451445765145916,0.015829503144315638,0.017606400858708682,0.011528806304459849,0.014467090992859255,0.02247534941477447,-0.03894490743030765,0.060421085314855016
1968Q4,4827.537,5033.703280531088,4784.529880162758,4776.40607813355,4789.062179642679,4772.662080729426,4708.568747946673,8.482091678695877,8.523911230877216,8.473143050400518,8.471443676192871,8.474089884105194,8.470659516412317,8.45713926566049,0.008948628295359029,0.010648002503005571,0.008001794590683176,0.011432162283560032,0.0249524130353862,-0.04181955218133915,0.045044028974827954
1969Q1,4870.299,5087.76751166427,4858.99337510258,4858.583481514058,4843.639703274778,4824.580236088451,4741.709206091417,8.490910610495861,8.534594410513769,8.488586570976816,8.488502209701405,8.485421721905576,8.481479012286691,8.46415294169386,0.0023240395190455843,0.0024084007944562558,0.005488888590285512,0.009431598209170389,0.026757668802002144,-0.043683800017907615,0.02925069232407873
1969Q2,4873.287,5140.28578422004,4880.959974138401,4890.454492189435,4896.986308507855,4875.214497090414,4738.241972104022,8.491523937066523,8.544863956946395,8.493097195513103,8.495040521337991,8.496375255804567,8.491919381867165,8.463421453930511,-0.0015732584465801835,-0.0035165842714679485,-0.004851318738044341,-0.00039544480064179766,0.028102483136011713,-0.05334001987987236,0.026377377135773372
1969Q3,4919.392,5190.883400210747,4928.6008722566585,4943.317667243039,4949.003159115746,4924.5729000481315,4781.216990705838,8.500940224614286,8.554659173662174,8.502810428027354,8.505791977323925,8.50694145328584,8.501992829043314,8.472450393646353,-0.0018702034130679834,-0.004851752709639001,-0.00600122867155406,-0.0010526044290273262,0.028489830967933116,-0.05371894904788732,0.027387436004856935
1969Q4,4956.477,5240.14097132856,4951.853622046156,4966.40643846565,4999.6079160820855,4972.662276588741,4818.574335310773,8.508450485090956,8.564103679878508,8.507517254566915,8.510451806952975,8.517114771557898,8.511710645004822,8.480233382236946,0.0009332305240405958,-0.0020013218620196227,-0.008664286466942173,-0.0032601599138661896,0.028217102854009468,-0.05565319478755271,0.026709272243796267
1970Q1,5057.553,5288.142063746249,5028.746775976179,5044.770990758422,5048.735597220189,5019.48622027685,4923.318296059088,8.528638048472903,8.573222246478192,8.522926082145458,8.526107538448864,8.526893114131823,8.521082860889612,8.501738032565397,0.005711966327444529,0.0025305100240391454,0.0017449343410795848,0.007555187583291101,0.026900015907505903,-0.04458419800528901,0.038448152772550426
1970Q2,5142.033,5334.474066371375,5089.220903943354,5110.805641201173,5096.339392545863,5065.038208879194,5014.771560251766,8.545203805541531,8.581945577127783,8.53488003377079,8.53911233049702,8.536277794827475,8.530116960361969,8.520143148062784,0.010323771770741175,0.006091475044511796,0.008926010714056076,0.015086845179562047,0.02506065747874686,-0.036741771586251915,0.05514676233925897
1970Q3,5181.859,5379.486205812729,5109.951279885442,5141.718523812041,5142.391459052519,5109.335511899836,5064.7044248162865,8.552919151180275,8.590348147817037,8.538945148883306,8.545142645723088,8.545273514654392,8.538824637932024,8.530051058576486,0.01397400229696899,0.007776505457187,0.007645636525882793,0.014094513248251062,0.022868092603788526,-0.03742899663676269,0.053353544503060624
1970Q4,5202.212,5423.257544275761,5117.576486689702,5160.01310238896,5186.883710628714,5152.44352058729,5098.0490240845265,8.556839198734517,8.598451936820855,8.540436263528237,8.548694397695051,8.553888354710978,8.547226351149424,8.53661320122653,0.01640293520627978,0.008144801039465577,0.0029508440235392897,0.00961284758509251,0.02022599750798726,-0.041612738086337586,0.049578561546840705
1971Q1,5283.597,5466.706098336824,5194.454964814615,5242.995673487265,5229.8286075544,5194.472953370131,5194.990457639813,8.572362394754862,8.606431538228561,8.555346982690468,8.564648307374265,8.562133785499883,8.555350445714883,8.555450066696187,0.017015412064393942,0.007714087380596979,0.010228609254978593,0.017011949039979157,0.01691232805867493,-0.03406914347369927,0.04469434131486105
1971Q2,5299.625,5510.42722794308,5220.16621622254,5267.379313026332,5271.259935809543,5235.565633976571,5228.756681667927,8.57539134232,8.61439743597291,8.560284522557959,8.56928823379296,8.570024689964765,8.56323016598292,8.56192880062658,0.015106819762040757,0.006103108527039325,0.005366652355235146,0.012161176337079027,0.013462541693419539,-0.03900609365290997,0.03064780019887059
1971Q3,5334.6,5554.354887602159,5282.148598817546,5325.400048944946,5311.233550080902,5275.919088663967,5283.214917913014,8.581969184355149,8.62233756348511,8.572088225520334,8.580243114318199,8.577579394240116,8.570908177984958,8.572290077372832,0.00988095883481499,0.0017260700369501336,0.00438979011503271,0.011061006370191251,0.009679106982316554,-0.040368379129960275,0.02947610114439625
1971Q4,5308.556,5598.610008464077,5297.314184878765,5340.772965675561,5349.828036847813,5315.7708807934405,5277.919429034562,8.577075137517323,8.63027363313908,8.574955213525156,8.583125671605462,8.584819696728198,8.578433318978318,8.571287251511844,0.002119923992166761,-0.006050534088139159,-0.007744559210875579,-0.0013581814609953113,0.005787886005478526,-0.05319849562175705,0.020442073487201062
1972Q1,5300.652,5643.401006963654,5337.464932014688,5384.301063368035,5387.145236449171,5355.395249295692,5291.5183136817195,8.575585110841937,8.638242178170453,8.582506087400953,8.591242787920198,8.591770882860853,8.585859789550357,8.573860499490035,-0.006920976559015912,-0.015657677078261045,-0.016185772018916467,-0.010274678708420026,0.001724611351901828,-0.06265706732851584,0.003227914619529093
1972Q2,5308.164,5688.794205471516,5389.234991301348,5435.099673329055,5423.310546906365,5395.061923800928,5320.758099776263,8.577001291734412,8.646253589983415,8.592158722716947,8.60063313854613,8.598461709982312,8.593239355624682,8.57937107214148,-0.015157430982535303,-0.023631846811717594,-0.021460418247899682,-0.016238063890270382,-0.002369780407068589,-0.06925229824900292,0.001611246078731865
1972Q3,5357.077,5735.01252721653,5466.080147701664,5503.152493855226,5458.47291889828,5435.006419408542,5391.088775899468,8.586173769494293,8.654345213905728,8.606317029333617,8.613076387716198,8.60492434443629,8.600615980678539,8.592502642743177,-0.0201432598393243,-0.026902618221905428,-0.018750574941996945,-0.014442211184245934,-0.006328873248884648,-0.06817144441143519,0.004213436808757853
1972Q4,5299.672,5782.348420969389,5415.672628807461,5438.695182180267,5492.8044420454735,5475.409940015554,5354.263976021203,8.575400210832694,8.662565180354216,8.597052367567194,8.601294454863023,8.6111942314064,8.608022426770402,8.585648527314108,-0.021652156734500494,-0.02589424403032936,-0.03579402057370551,-0.03262221593770853,-0.010248316481414221,-0.0871649695215222,-0.0016735247777361906
1973Q1,5443.619,5830.663938949408,5553.0328364979305,5562.14518700338,5526.4994188565715,5516.4049836318545,5517.446930694381,8.602199376017348,8.670886156042057,8.622099514513865,8.62373913783391,8.617309877595222,8.61548165602082,8.615670519723851,-0.019900138496517172,-0.021539761816562475,-0.015110501577874302,-0.01328228000347309,-0.013471143706503597,-0.06868678002470929,0.02697158764619889
1973Q2,5473.059,5880.964999959673,5573.454334340064,5573.548761483032,5559.772825427565,5558.0142120548235,5564.305004369726,8.607592971279491,8.679476143066575,8.625770308441858,8.625787250599702,8.623312527673837,8.622996167343949,8.624127369004917,-0.018177337162367024,-0.018194279320210782,-0.015719556394346412,-0.015403196064458058,-0.016534397725425976,-0.07188317178708381,0.031064413232145816
1973Q3,5518.072,5931.893431456161,5613.085787043031,5607.712790146605,5592.85806809043,5600.214795842072,5624.489299379879,8.615783802897976,8.688098738068831,8.632855898460365,8.63189821309241,8.629245717794861,8.630560232388023,8.634885431729494,-0.017072095562388867,-0.01611441019443305,-0.013461914896884863,-0.014776429490046539,-0.01910162883151756,-0.07231493517085497,0.03005276944871249
1973Q4,5531.032,5983.963113314532,5616.898106886393,5606.153451537762,5626.003963142058,5642.930808543675,5650.00025077771,8.61812969555017,8.696838355416487,8.633534852237293,8.631620104082494,8.63515469348291,8.638158856427314,8.639410868525921,-0.015405156687123167,-0.013490408532323528,-0.01702499793274015,-0.02002916087714368,-0.02128117297575116,-0.07870865986631692,0.04365553188952087
1974Q1,5632.649,6036.840251387802,5691.780407032037,5672.797408864845,5659.470892571082,5686.034984462308,5761.238805964151,8.636335125573908,8.70563601685741,8.646778379237162,8.643437645224918,8.641085684949624,8.645768444928969,8.658907801045483,-0.010443253663254382,-0.007102519651009942,-0.00475055937571689,-0.009433319355061087,-0.02257267547157582,-0.06930089128350225,0.0347250606627687
1974Q2,5760.47,6090.335456182356,5767.811797106307,5737.985240212218,5693.526121872553,5729.330121145303,5895.515053854728,8.658774347583288,8.714458442303895,8.660048049636737,8.654863424250134,8.647085040256743,8.65335389557011,8.681947180461815,-0.0012737020534494548,0.003910923333153349,0.011689307326545162,0.005420452013177979,-0.02317283287852767,-0.055684094720607646,0.05251377703035898
1974Q3,5814.854,6143.206219778795,5752.902730795645,5712.492885219666,5728.438305616748,5772.585649899703,5953.0290503778315,8.668170957156914,8.72310207048144,8.657459829158329,8.650410789725916,8.653198225548314,8.66087537869323,8.691655453097443,0.010711127998584757,0.017760167430997953,0.014972731608599688,0.007295578463683228,-0.02348449594052937,-0.05493111332452649,0.05378364037294192
1974Q4,5912.22,6195.475445431863,5782.310924703336,5734.811106583553,5764.471250925361,5815.590464456836,6050.122718285465,8.684776674384928,8.731574537757895,8.662558695724632,8.654310092069608,8.659468711398079,8.66829760140685,8.707833834833297,0.0222179786602954,0.030466582315320068,0.02530796298684912,0.01647907297807727,-0.02305716044836892,-0.04679786337296754,0.06891806086097496
1975Q1,6058.544,6246.482861537268,5880.27011413898,5830.411154769339,5801.877056439382,5858.159876266844,6192.778762960129,8.709224786168932,8.739773842177616,8.679357977616304,8.670842800831997,8.665936774598066,8.675590818969313,8.731139176573185,0.02986680855262769,0.03838198533693493,0.04328801157086559,0.0336339671996182,-0.02191439040425358,-0.030549056008684516,0.07561184799549903
1975Q2,6124.506,6296.513228943918,5927.328841918328,5876.819247996627,5840.888792371451,5900.169590239581,6251.767508661839,8.72005337909907,8.747751303443284,8.68732894226637,8.678770950311304,8.672638254717041,8.68273637358911,8.740619504135568,0.032724436832699766,0.04128242878776689,0.047415124382029106,0.03731700550996031,-0.02056612503649724,-0.027697924344213476,0.06319553786409782
1975Q3,6092.301,6346.032060224159,5903.657681115615,5852.151681765053,5881.712933160747,5941.620551362239,6209.455660796764,8.714781121855529,8.755585024166963,8.683327383758503,8.674564681449537,8.679603313632041,8.689737195242708,8.733828515819356,0.03145373809702612,0.040216440405991705,0.03517780822348726,0.0250439266128204,-0.019047393963827375,-0.040803902311434825,0.047713493752379765
1975Q4,6150.131,6395.3936260234,5991.945695410855,5939.369862594187,5924.521795272011,5982.653914878107,6254.294072825904,8.724228661386713,8.763333264272463,8.698171462307332,8.68935832299106,8.6868552530874,8.696619546969862,8.741023558470655,0.02605719907938031,0.03487033839565257,0.03737340829931313,0.0276091144168511,-0.016794897083942217,-0.03910460288575024,0.04024055261813664
1976Q1,6097.258,6444.359681612424,5987.773320768927,5938.175248115074,5969.446265984763,6023.505011310872,6185.86465124785,8.715594440905585,8.770960559252593,8.697474889239967,8.689157167874914,8.694409449318472,8.70342459666653,8.73002207315564,0.018119551665618516,0.02643727303067145,0.021184991587112734,0.01216984423905565,-0.0144276322500545,-0.055366118347008,0.006389984128199799
1976Q2,6111.751,6493.923529668127,6073.08208898977,6029.332720927474,6016.569131960097,6064.513844362425,6182.619436534584,8.717968590487683,8.778622177057292,8.711621512847184,8.704391623718617,8.702272464206967,8.710209660599396,8.729497317694145,0.006347077640498355,0.01357696676906528,0.015696126280715816,0.007758929888286303,-0.011528727206462364,-0.060653586569609175,-0.0020826169490241186
1976Q3,6053.978,6544.87347714477,6105.82881439071,6067.914213933557,6065.919326656323,6106.066513352587,6105.363209434664,8.708470855614044,8.786437346934044,8.716999137263217,8.710770202915217,8.71044138889473,8.717038066349248,8.716922878540013,-0.008528281649173408,-0.0022993473011734267,-0.001970533280685416,-0.008567210735204611,-0.008452022925968805,-0.07796649131999978,-0.006290398324048763
1976Q4,6030.464,6596.49865666572,6173.145947613584,6141.112606515183,6117.467411512289,6148.578640823452,6061.100705233088,8.704579235351222,8.79429428068032,8.727963865013093,8.722761210998145,8.718903468210245,8.723976218776045,8.70964669709672,-0.02338462966187116,-0.018181975646923476,-0.014324232859022956,-0.019396983424822878,-0.005067461745497326,-0.08971504532909869,-0.019457634317057715
1977Q1,5957.035,6649.907668623456,6159.402017157394,6137.625335451952,6171.122586111295,6192.433293996263,5966.168824923282,8.692328153052085,8.802358249135985,8.725734976678682,8.722193193149165,8.727636042993524,8.731083389241913,8.693860262515967,-0.033406823626597415,-0.029865040097080353,-0.035307889941439186,-0.03875523618982868,-0.0015321094638824917,-0.11003009608390002,-0.022997714710448536
1977Q2,5999.61,6704.591150622367,6212.617205057071,6204.055687733535,6226.731486935964,6237.939718441751,5987.016031163511,8.699449746097601,8.810547817066517,8.734337536232086,8.732958500357617,8.736606833168029,8.738405233517618,8.697348408583954,-0.034887790134485286,-0.03350875426001565,-0.03715708707042786,-0.038955487420016865,0.002101337513646939,-0.11109807096891622,-0.018348424207727088
1977Q3,6102.326,6760.097061899439,6285.996460155207,6286.039815122243,6284.078983327683,6285.260035796898,6068.314337041764,8.716425288956067,8.818792527203078,8.746079654225825,8.74608655127354,8.745774568253825,8.745962494201386,8.710836141539671,-0.029654365269758287,-0.029661262317473458,-0.029349279297758102,-0.029537205245318887,0.005589147416396045,-0.10236723824701066,0.007986153897486803
1977Q4,6184.53,6817.110564476192,6320.6508222082,6324.811552602525,6342.891114243474,6334.407411624658,6129.938121521121,8.729806291640068,8.827190990165716,8.751577460036513,8.752235519096933,8.755089955199857,8.753751546410644,8.720939934510813,-0.02177116839644455,-0.02242922745686471,-0.025283663559788394,-0.02394525477057563,0.00886635712925532,-0.0973846985256479,0.025547951202428143
1978Q1,6323.649,6875.56387545695,6418.991138932546,6425.907926541909,6402.840232566914,6385.280677715618,6249.821133552028,8.752051693942724,8.835728937419743,8.767016240867228,8.76809321130392,8.764496957242311,8.761750726422262,8.740308123689251,-0.014964546924504774,-0.016041517361196966,-0.01244526329958795,-0.009699032479538516,0.011743570253472058,-0.08367724347701966,0.06154303273356643
1978Q2,6370.025,6935.187458572836,6444.410583282948,6456.605447354199,6463.552338043828,6437.684992478096,6278.779035199876,8.75935867320529,8.844363363179978,8.77096845786037,8.772858986121776,8.77393434316841,8.769924281254728,8.744930819413486,-0.011609784655080446,-0.013500312916486124,-0.014575669963120319,-0.010565608049438069,0.014427853791803003,-0.08500468997468857,0.06173984642335095
1978Q3,6404.895,6996.456191626586,6474.201695581362,6495.810145541735,6524.61648897189,6491.386994521838,6298.477713428549,8.764817820753837,8.853159041506371,8.775580588709165,8.778912655050766,8.783337454827047,8.778231499426006,8.7480632503926,-0.01076276795532749,-0.014094834296928482,-0.018519634073209446,-0.013413678672169027,0.016754570361237953,-0.08834122075253426,0.0495825690072933
1978Q4,6451.177,7058.973644917547,6518.005438410347,6550.633128107281,6585.596090628686,6546.11103496129,6332.208735286297,8.77201787376241,8.86205494384516,8.782323693765116,8.787316984737682,8.792640132575333,8.786626417178388,8.753404385600694,-0.010305820002706412,-0.015299110975272256,-0.020622258812922567,-0.014608543415977948,0.018613488161715708,-0.09003707008275086,0.043115159923227786
1979Q1,6527.703,7123.3135223529,6586.125546290768,6624.060334693224,6646.041769385411,6601.527407414324,6399.113146584797,8.783810399285425,8.871128278502175,8.792720525355708,8.798463804521987,8.801776733785763,8.795056326605604,8.763914688899812,-0.008910126070283297,-0.014653405236561667,-0.01796633450033802,-0.011245927320178595,0.01989571038561344,-0.08731787921674972,0.032268394403294653
1979Q2,6654.466,7185.317079852492,6694.621934835309,6730.331821270236,6705.505459870852,6657.2470717269625,6519.420861931695,8.803043487189042,8.879794928346975,8.809059786752648,8.814379726218315,8.810684178388357,8.803461325487152,8.782540826118435,-0.0060162995636066086,-0.011336239029272832,-0.007640691199314986,-0.0004178382981105955,0.02050266107060672,-0.07675144115793309,0.044653042962939926
1979Q3,6774.457,7243.781017529022,6785.150714631598,6817.060709239031,6763.555262579883,6712.834847490591,6636.281835367405,8.820914494934435,8.887898589050113,8.822491784937757,8.827183676888486,8.819303957203324,8.811776621742867,8.800307121078676,-0.0015772900033219628,-0.0062691819540514615,0.0016105377311106395,0.009137873191567891,0.020607373855758837,-0.06698409411567852,0.05769993106834703
1979Q4,6774.592,7298.013253331672,6748.484728299783,6778.846945953437,6819.790574707039,6767.853816126765,6636.689145098682,8.820934422532305,8.895357433017171,8.817073273969786,8.821562299502895,8.82758404284506,8.819939301780742,8.800368495390726,0.00386114856251929,-0.00062787697059008,-0.006649620312755289,0.00099512075156305,0.02056592714157901,-0.07442301048486577,0.050132712216701014
1980Q1,6796.26,7346.736445194209,6732.372246980895,6760.706483042685,6873.856960857271,6821.905572902359,6662.025078527112,8.824127739858717,8.902011472538328,8.814682848936595,8.81888267290213,8.835480648473064,8.827894121326413,8.804178783160696,0.009444890922122084,0.005245066956586442,-0.011352908614346902,-0.0037663814676953677,0.019948956698021547,-0.07788373267961113,0.041141118093148465
1980Q2,7058.92,7389.862876051715,6957.199116260063,6980.882726537419,6925.460214979497,6874.595924449165,6931.6583074156115,8.862047344281246,8.907864458432032,8.84753224650876,8.850930652880352,8.84295978588412,8.8355881461819,8.843854357557074,0.014515097772486385,0.01111669140089333,0.019087558397126614,0.026459198099345826,0.01819298672417169,-0.04581711415078615,0.06077933225596155
1980Q3,7129.915,7426.754999764931,6989.167190939864,7005.971127459262,6974.379071794061,6925.514648915913,7012.760152001378,8.872054591878655,8.91284429934613,8.852116685202715,8.854518082632648,8.849998580761866,8.842967645827112,8.855486647467442,0.019937906675940198,0.017536509246006915,0.022056011116788454,0.029086946051542384,0.016567944411212565,-0.04078970746747501,0.052470330832419476
1980Q4,7225.75,7465.298162717056,7050.5705214596655,7058.090655536976,7020.476055536198,6974.366726998558,7121.586737009992,8.885406313821512,8.918020650597898,8.8608638175618,8.861929848518974,8.856586308899525,8.849996810739576,8.870885835898868,0.02454249625971272,0.02347646530253833,0.028820004921987774,0.03540950308193658,0.014520477922644659,-0.032614336776385144,0.06659559719611163
1981Q1,7238.727,7508.084206685456,7039.983174770547,7042.2744133273345,7063.7060053550185,7020.984889612479,7150.120172816259,8.887200641190796,8.923735613238264,8.859361059201866,8.859686467051095,8.862725122696736,8.856658784844655,8.8748844429337,0.027839581988930107,0.027514174139701808,0.02447551849406082,0.030541856346141927,0.012316198257096289,-0.03653497204746792,0.06510448393675339
1981Q2,7246.454,7554.009065783638,7046.204791027115,7050.1255090635905,7104.121888495888,7065.358982218683,7175.585404427591,8.888267524750336,8.929833703401897,8.86024442334215,8.860800698351904,8.868430442252276,8.862959105182153,8.878439626766843,0.02802310140818598,0.027466826398432787,0.01983708249806071,0.025308419568183638,0.009827897983493372,-0.04156617865156065,0.026566953584967523
1981Q3,7300.281,7602.714114407346,7130.499430140223,7139.28834235261,7141.877601793541,7107.61493909717,7248.895655171012,8.895668119546325,8.936260582838896,8.872136557258191,8.873368378426642,8.873730990202098,8.868922014917038,8.88860441282164,0.023531562288134467,0.022299741119683247,0.021937129344227202,0.026746104629287615,0.007063706724684593,-0.04059246329257071,0.02389453450707335
1981Q4,7318.535,7654.364351740863,7207.3846497235745,7220.368391043223,7177.2275655097,7147.991878914047,7287.898187468871,8.89816545031333,8.943031267640869,8.882861425183805,8.884661254275406,8.878668454536383,8.874586740144656,8.893970468955946,0.015304025129525556,0.013504196037924743,0.0194969957769473,0.023578710168674633,0.0041949813573847194,-0.04486581732753869,0.01284088156938723
1982Q1,7341.557,7708.282365291767,7299.1977547716215,7312.693498192075,7210.523026979445,7186.849336623489,7332.423101597884,8.901306224453762,8.950050661620399,8.89551972449078,8.897366952481242,8.883296769531377,8.880008153929312,8.900061313459128,0.00578649996298175,0.003939271972519975,0.01800945492238526,0.021298070524450097,0.0012449109946341963,-0.048744437166636345,0.01420553641544986
1982Q2,7190.289,7763.629992676451,7201.798168298747,7211.308308017086,7242.205110221865,7224.653436630347,7202.882934238249,8.880486644622188,8.957205286362509,8.882086019419955,8.883405671240208,8.887681012241814,8.885254544581773,8.882236632395532,-0.0015993747977667283,-0.0029190266180201263,-0.007194367619625552,-0.0047678999595852645,-0.0017499877733442304,-0.07671864174032095,-0.0077506874396774394
1982Q3,7181.743,7820.189965259816,7212.0538354906175,7215.03616006653,7272.794766702278,7261.966995629086,7215.7546565747625,8.879297390241565,8.964464125477019,8.883509049005639,8.883922482985644,8.891895921236149,8.890406007159367,8.8840220612441,-0.004211658764074144,-0.004625092744079851,-0.012598530994583967,-0.011108616917802294,-0.004724671002534819,-0.08516673523545393,-0.01623745716089553
1982Q4,7315.677,7878.160361445345,7325.616879290195,7323.6821340215165,7302.879896861582,7299.331352541281,7370.268893170273,8.897774858727486,8.971849698927302,8.89913264594209,8.898868504254741,8.89602405575868,8.895538027399065,8.905209469344188,-0.0013577872146051106,-0.00109364552725566,0.001750802968805587,0.0022368313284211183,-0.007434610616702031,-0.0740748401998168,-0.00039051531488198954
1983Q1,7459.022,7935.937607522994,7426.718757270111,7424.727778437054,7333.10001711978,7337.237706291241,7532.84989775863,8.917179585407846,8.979156786978535,8.912839419343591,8.912571300162043,8.900153627318906,8.900717716484293,8.927028721669203,0.004340166064254802,0.004608285245803145,0.01702595808894003,0.01646186892355317,-0.009849136261356861,-0.061977201570689644,0.016000011986558205
1983Q2,7403.745,7994.859898020182,7342.5094963115625,7342.544998328918,7364.128938512271,7376.187471832936,7494.991027537177,8.9097412322575,8.986554101414724,8.901435956406846,8.901440791529163,8.904376051503359,8.906012181376688,8.92199021340952,0.008305275850654326,0.008300440728337577,0.0053651807541417185,0.0037290508808123235,-0.012248981152019667,-0.07681286915722296,0.029686706612209957
1983Q3,7492.405,8055.370064425959,7452.942863304657,7447.669712941091,7396.65599725249,7416.758179303907,7598.822371547159,8.921645119764422,8.99409423675638,8.916364248584316,8.915656472235295,8.908783284795005,8.911497337632703,8.935748563156043,0.005280871180106672,0.005988647529127533,0.012861834969417174,0.010147782131719296,-0.014103443391620729,-0.0724491169919581,0.04325718700878034
1983Q4,7410.768,8118.42157101154,7451.880636977526,7433.930605977949,7431.366431445183,7459.544582296798,7529.736377878502,8.91068935664419,9.001891026453505,8.916221714011007,8.913810016132159,8.913465028130675,8.917249643384814,8.926615310603202,-0.005532357366817564,-0.003120659487969135,-0.00277567148648572,-0.006560286740624477,-0.015925953959012418,-0.09120166980931543,0.012998250196119887
1984Q1,7295.631,8184.120399041658,7451.5979307755915,7420.601936787186,7468.921529923353,7505.188713667193,7424.220991211741,8.895030954817281,9.009951019038603,8.91618377572691,8.912015456427312,8.918505894199768,8.92334988881035,8.912503041158207,-0.021152820909629,-0.016984501610030733,-0.02347493938248668,-0.028318933993068285,-0.01747208634092523,-0.11492006422132128,-0.02190515056799669
1984Q2,7328.912,8252.361160817512,7592.667628259338,7554.369292556365,7509.939187756288,7554.302120906741,7463.957285039283,8.899582352758662,9.018254639692158,8.934938274813733,8.929881389098435,8.923982647222903,8.929872497297458,8.917841019713281,-0.03535592205507143,-0.030299036339773266,-0.024400294464241412,-0.03029014453879597,-0.018258666954618974,-0.11867228693349574,-0.010107452377141501
1984Q3,7300.896,8322.352341108082,7630.616658630659,7589.526718305431,7554.975488393007,7607.365377936044,7439.071319622267,8.895752359330606,9.026700227159985,8.939923941278863,8.934524512490974,8.929961630279738,8.936872185648207,8.914501297404728,-0.0441715819482571,-0.03877215316036775,-0.034209270949132176,-0.04111982631760114,-0.018748938074121924,-0.13094786782937895,-0.025560417516138023
1984Q4,7303.817,8393.840778029926,7645.072971413621,7597.642204189129,7604.507895666918,7664.718189850133,7441.7200176805545,8.896152367196416,9.035253475168233,8.94181666330304,8.935593241850285,8.93649649460065,8.944383024791826,8.914857286280082,-0.045664296106624036,-0.03944087465386836,-0.04034412740423399,-0.048230657595409454,-0.018704919083665672,-0.13910110797181652,-0.014431837563933958
1985Q1,7400.066,8466.09433779299,7703.14650220143,7642.3062465984995,7658.920581905829,7726.508718382831,7534.301080430661,8.909244198071407,9.043824564155212,8.949384161022094,8.941454701346597,8.943626336604733,8.952412386047257,8.927221350345802,-0.040139962950686225,-0.032210503275189595,-0.034382138533326057,-0.04316818797584965,-0.017977152274394115,-0.13458036608380475,0.014314731652409485
1985Q2,7568.456,8538.856407644294,7798.110713119608,7720.633111396855,7718.4923438722335,7792.659562024302,7695.717825652061,8.931744362616321,9.052382367703947,8.961636767071868,8.951651648904544,8.95137433170228,8.960937487790442,8.948419326607363,-0.02989240445554664,-0.019907286288223247,-0.019629969085958265,-0.029193125174121093,-0.016674963991041736,-0.1206380050876259,0.03268479687025838
1985Q3,7719.746,8611.892420843267,7855.39249224909,7768.053494635019,7783.387469546,7862.889292565728,7836.900962874404,8.95153674092315,9.060899366632341,8.968955516627792,8.957774896486457,8.959746929806801,8.969909412350967,8.966598749850954,-0.017418775704642897,-0.006238155563307757,-0.008210188883651881,-0.018372671427817622,-0.015062008927804627,-0.10936262570919197,0.05736967079109201
1985Q4,7880.794,8684.996064979776,7921.743244235779,7833.144713613392,7853.649819656421,7936.776354572026,7984.957355155208,8.972183939197153,9.069352225592752,8.977366567183996,8.96611933206105,8.968733647902097,8.979262471116964,8.985314720015591,-0.005182627986842547,0.0060646071361034615,0.0034502912950564735,-0.007078531919811226,-0.01313078081843777,-0.09716828639559871,0.07899663970222681
1986Q1,8034.847,8757.928247157974,8002.512906182785,7913.7535297021195,7929.20028243357,8013.80972805026,8123.453899925329,8.991543236297723,9.07771465449357,8.987510884611575,8.97635747787967,8.978307462435483,8.988921548469794,9.002510699850685,0.004032351686147351,0.015185758418052586,0.013235773862239952,0.0026216878279292644,-0.010967463552962187,-0.08617141819584795,0.08578045114732769
1986Q2,8173.67,8830.616845345656,8103.02431183398,8008.757627125705,8009.837652399373,8093.443404035886,8244.538649198466,9.008673291398319,9.085980149068096,8.99999264280597,8.98829092530186,8.988425771742069,8.998809556582023,9.017306278206615,0.008680648592349627,0.020382366096459492,0.020247519656249935,0.009863734816295988,-0.00863298680829594,-0.07730685766977707,0.07996531921438144
1986Q3,8252.465,8903.37814226691,8173.516967626615,8073.266047384492,8095.242878142483,8175.144521859331,8303.85037996763,9.018267222579306,9.094186050249917,9.008654568620669,8.996313394058804,8.999031869138166,9.008853674124094,9.024474587416712,0.009612653958637196,0.021953828520501872,0.01923535344113958,0.00941354845521225,-0.0062073648374063595,-0.07591882767061087,0.06900732226163919
1986Q4,8320.199,8976.124748908698,8249.754019941129,8149.072453083141,8184.986523597374,8258.430362473504,8350.835832164134,9.026441451798448,9.102323525717226,9.017938663119516,9.00565939032047,9.0100568433283,9.018989819701037,9.03011691249564,0.00850278867893195,0.02078206147797701,0.016384608470147555,0.00745163209741051,-0.0036754606971918236,-0.07588207391877866,0.05575643773964911
1987Q1,8400.82,9048.669254874285,8339.91378594292,8247.943131869839,8278.539195606523,8342.86653213015,8409.953902406616,9.036084599114595,9.110372982221692,9.028808157882445,9.017719130894879,9.021421806163083,9.02916214518693,9.037171271668573,0.007276441232150432,0.01836546821971652,0.01466279295151196,0.006922453927664662,-0.0010866725539777633,-0.07428838310709729,0.045548222635726665
1987Q2,8474.787,9120.473464934588,8413.219952971163,8338.762939239283,8375.284610156068,8428.057242479475,8462.193065096359,9.044850799189456,9.118276996735597,9.037559551624978,9.02867015572263,9.033040339418065,9.039321566842101,9.043363646559374,0.007291247564477743,0.016180643466826794,0.01181045977139128,0.005529232347354807,0.0014871526300819227,-0.07342619754614077,0.03683987731337335
1987Q3,8604.22,9191.50594011684,8537.013883880725,8479.539963309222,8474.534902682635,8513.642926089104,8570.208328208208,9.060008059563284,9.126035069184681,9.052166563327448,9.045411477704624,9.044821052003245,9.049425205890227,9.056047320305492,0.007841496235835521,0.014596581858659974,0.015187007560038879,0.010582853673057002,0.003960739257792056,-0.06602700962139707,0.04262423409248006
1987Q4,8668.188,9262.55407738218,8601.503674433798,8555.412136851339,8575.547735635311,8599.293221625112,8613.59607405606,9.067415051391976,9.133735107901165,9.059692312822238,9.05431936013393,9.056670145870001,9.059435295332383,9.06109717271707,0.007722738569738041,0.013095691258046216,0.010744905521974601,0.007979756059592447,0.0063178786749062965,-0.06632005650918948,0.04182460058948112
1988Q1,8749.127,9332.89816233194,8698.654357860269,8660.128785502182,8677.544719771344,8684.734378424777,8675.299052241771,9.076709202945588,9.141300873937796,9.07092362116949,9.066484872751007,9.068493901254364,9.069322094261022,9.068235077101779,0.0057855817760987804,0.01022433019458191,0.008215301691224752,0.007387108684566712,0.008474125843809688,-0.06459167099220764,0.04146107165729074
1988Q2,8788.524,9402.936119398,8770.59273589414,8741.76594395372,8779.730644580404,8769.73570506186,8697.277920579278,9.081202058490664,9.14877727261346,9.079159669843365,9.075867501323556,9.08020100786477,9.079061948659199,9.070765372992636,0.002042388647298665,0.0053345571671084,0.001001050625893285,0.0021401098314655087,0.010436685498028453,-0.06757521412279566,0.03702004545954951
1988Q3,8872.601,9472.37290461828,8893.89456053183,8881.073341733887,8881.31300733044,8854.106755498604,8766.183566516323,9.090723267944167,9.156134725501955,9.093120315876895,9.091677700498686,9.09170468624169,9.088636670537966,9.078656821498301,-0.0023970479327282135,-0.0009544325545185472,-0.0009814182975222963,0.002086597406201207,0.012066446445865964,-0.06541145755778821,0.031191787285773875
1988Q4,8920.193,9541.739852701117,8971.42049660963,8981.08211444548,8981.52133859817,8937.668826381594,8801.224563558017,9.096072862111283,9.163431122311097,9.101799303341135,9.10287565675859,9.10292456104509,9.098030076488929,9.08264614573492,-0.005726441229851886,-0.006802794647306598,-0.006851698933806105,-0.0019572143776454,0.013426716376363501,-0.06735826019981417,0.029072396676214085
1989Q1,8986.367,9610.898343572995,9046.820809503335,9080.770607208455,9079.62584350199,9020.254773260223,8857.776956067077,9.103463930104825,9.170652977675784,9.110168683208977,9.113914336629492,9.113788264083544,9.107227858030306,9.089051104223369,-0.006704753104152417,-0.010450406524666889,-0.010324333978719125,-0.003763927925481525,0.01441282588145576,-0.06718904757095956,0.027115848244058993
1989Q2,9083.256,9679.752477782387,9133.790716807336,9186.427253934955,9174.954910628356,9101.686529292396,8948.21065937034,9.11418799762557,9.177791609466667,9.119736080936722,9.125482375227472,9.124232758537763,9.116215008222197,9.099208864953633,-0.005548083311150975,-0.011294377601901218,-0.01004476091219253,-0.0020270105966258,0.014979132671937734,-0.06360361184109564,0.03353600672877488
1989Q3,9162.024,9748.474214363136,9191.934149879804,9256.229230276609,9266.911083084946,9181.764847777726,9023.84862712039,9.122822393958646,9.184866060911375,9.126081655651735,9.133052034154211,9.134205386535257,9.124974714350284,9.10762619912024,-0.0032592616930884333,-0.010229640195564826,-0.011382992576610462,-0.0021523203916373745,0.015196194838406285,-0.06204366695272867,0.032619859723208355
1989Q4,9319.332,9817.083496427222,9324.668770394093,9399.693833765054,9354.98513638088,9260.27896293502,9181.42892606696,9.139846231291203,9.191879360945872,9.140418723279975,9.148432396851595,9.143664649864691,9.133489452773395,9.12493812793564,-0.0005724919887715174,-0.008586165560391379,-0.0038184185734877474,0.006356778517808692,0.01490810335556425,-0.052033129654669,0.04474555651430423
1990Q1,9367.502,9885.457213629248,9345.437745098438,9437.539732366435,9438.767964063936,9337.005770953225,9233.266861837623,9.145001744171957,9.198819987810662,9.14264356149974,9.15245060360049,9.152580738340715,9.141740898557337,9.130568204402449,0.0023581826722161026,-0.007448859428533794,-0.007578994168758513,0.0032608456146192566,0.014433539769507675,-0.053818243638705354,0.042412578965448366
1990Q2,9490.594,9953.52039531658,9440.005278195904,9552.786773287507,9517.960032421599,9411.75907616945,9363.332107904935,9.158056481847481,9.205681576151674,9.152711818270312,9.164588199628097,9.160935822515022,9.149715152002573,9.144556500554941,0.005344663577169229,-0.00653171778061612,-0.0028793406675404754,0.00834132984490843,0.013499981292540042,-0.04762509430419293,0.04484493225777175
1990Q3,9546.206,10020.58247629744,9470.05508303501,9596.210528972937,9592.378228357857,9484.371743063964,9429.050967842324,9.163899077052257,9.212396504316303,9.155890002745574,9.169123562961623,9.168724127576926,9.15740064328173,9.151550730885614,0.008009074306682962,-0.005224485909366194,-0.004825050524669194,0.006498433770527612,0.012348346166643154,-0.04849742726404571,0.04193200105129624
1990Q4,9673.405,10086.67697223336,9576.893143959513,9702.132879523539,9661.959988204695,9554.725907944427,9569.24156990608,9.177135646426292,9.218970720375635,9.167108511890147,9.180101024807387,9.175951803955362,9.164791170542829,9.166309230512978,0.0100271345361449,-0.0029653783810950074,0.0011838424709296191,0.01234447588346299,0.010826415913314236,-0.04183507394934338,0.03799338836732069
1991Q1,9771.725,10152.17720406692,9657.65896607104,9772.051550781145,9726.76465828587,9622.742353529078,9683.118023529034,9.187248290352503,9.225443464331219,9.175506554779911,9.187281707719952,9.182636607890394,9.171884570970024,9.178139238273078,0.01174173557259195,-3.341736744921775e-05,0.004611682462108746,0.015363719382479601,0.009109052079425695,-0.03819517397871586,0.043151632099998505
1991Q2,9846.293,10216.90581766538,9714.808508977598,9817.826490760923,9786.972099261346,9688.416036968703,9775.424277209067,9.19485031815285,9.231799060350383,9.181406650755477,9.191955041897254,9.18880740262594,9.178686227846049,9.18762678822969,0.01344366739737346,0.0028952762555967126,0.006042915526910164,0.01616409030680188,0.007223529923161109,-0.036948742197532525,0.037479108262349126
1991Q3,9919.228,10281.57022722389,9769.967939801136,9867.922660839178,9842.878604559555,9751.83502956813,9867.84255528899,9.20223037466994,9.238108273183599,9.18706846353719,9.197044640249178,9.194503488378267,9.185210754443792,9.197036522443831,0.015161911132748784,0.005185734420761534,0.007726886291672841,0.017019620226147225,0.005193852226108575,-0.03587789851365919,0.0390754190722471
1991Q4,9938.767,10347.37683223138,9778.314788815527,9874.062384833556,9894.890257642854,9813.18607573408,9908.130117773131,9.2041982476909,9.24448832040939,9.187922436199395,9.197666636890155,9.199773767287226,9.191482278192625,9.201110923120225,0.016275811491505365,0.006531610800745824,0.00442448040367438,0.01271596949827547,0.003087324570675065,-0.04029007271848961,0.02743211930028755
1992Q1,10047.386,10414.24425441756,9893.918751158344,9981.53501645155,9943.513902711224,9872.760540479792,10038.252058523913,9.215067780152992,9.250929787876213,9.199675579823305,9.20849216674176,9.204675748519366,9.197534783339782,9.214158280332365,0.015392200329687356,0.006575613411232695,0.010392031633626786,0.017532996813210744,0.0009094998206276017,-0.03586200772322101,0.02821006526483294
1992Q2,10083.855,10482.22310044566,9965.076086639365,10034.081370467049,9989.345948156486,9930.928276896171,10096.448912682015,9.218690908989831,9.25743606328421,9.20684186800554,9.213742714485809,9.209274398844295,9.203409234734108,9.219939048202349,0.011849040984291292,0.004948194504022396,0.00941651014553635,0.015281674255723132,-0.0012481392125174295,-0.038745154294378636,0.024127049641931242
1992Q3,10090.569,10551.78486169037,10036.954341878587,10079.200777418815,10033.05926121303,9988.168278986328,10124.580666068647,9.219356504225448,9.264050305797566,9.214028994822542,9.21822925052742,9.213640845537595,9.209156499374108,9.222721475420162,0.005327509402906827,0.001127253698028241,0.005715658687853065,0.010200004851339983,-0.003364971194713462,-0.044693801572117664,0.017273622503686914
1992Q4,9998.704,10622.61809034176,10030.53466685645,10046.044730510881,10075.388445532748,10045.055119955317,10053.295946090775,9.210210763577377,9.270740788928045,9.213389186300574,9.214934276869347,9.21785094145951,9.21483576453665,9.215655814556692,-0.0031784227231970164,-0.004723513291969184,-0.007640177882132448,-0.0046250009592725405,-0.005445050979314914,-0.060530025350667316,0.006030627340393391
1993Q1,9951.916,10695.54238413818,10069.904005676219,10063.05574346052,10117.113820689994,10102.227373458822,10025.74398977702,9.20552037442887,9.277582334035015,9.217306452963717,9.216626149365522,9.221983706581469,9.220511210541364,9.212911462865181,-0.011786078534846922,-0.011105774936652324,-0.016463332152598653,-0.014990836112493966,-0.007391088436310866,-0.07206195960614536,-0.009501973946258402
1993Q2,10029.51,10769.57087806165,10208.231333584747,10184.036264946473,10159.044443855208,10160.294643702553,10120.756137276538,9.213287026322933,9.284479925165515,9.230949667316894,9.22857670120365,9.226119665907767,9.226242721076394,9.222343657172459,-0.01766264099396153,-0.01528967488071764,-0.012832639584834382,-0.0129556947534617,-0.00905663084952657,-0.07119289884258251,-0.0053893079581170955
1993Q3,10080.195,10844.63254747809,10276.811637100625,10234.932499075336,10202.000529110608,10219.772590283812,10186.612504115155,9.218327886676338,9.291425540481159,9.237645338869054,9.233561902966201,9.230339110346291,9.232079612070189,9.22882963759381,-0.01931745219271619,-0.015234016289863206,-0.012011223669952997,-0.013751725393850833,-0.010501750917471853,-0.0730976538048207,-0.00102808870342197
1993Q4,10115.329,10921.03146736426,10285.61455408675,10222.159159642139,10246.795629229282,10281.095132397577,10234.297520156239,9.221807275024446,9.29844570155648,9.238501552765417,9.232313109510486,9.234720314151648,9.238062063724067,9.23349986067944,-0.016694277740970875,-0.01050583448603959,-0.012913039127202097,-0.01625478869962116,-0.011692585654994758,-0.07663842653203368,0.011664011655910578
1994Q1,10236.435,10998.74859058424,10354.88092789589,10265.675347388265,10294.21894834833,10344.608953244906,10365.025132076102,9.233708693445871,9.305536780816496,9.245213274767519,9.23656111855905,9.239337749497711,9.244220788908867,9.246192449572787,-0.011504581321647223,-0.00285242511317918,-0.005629056051839498,-0.01051209546299603,-0.012483756126915324,-0.07182808737062452,0.02858936912248855
1994Q2,10347.429,11076.9490953695,10414.278551255666,10301.773368020069,10345.0181519936,10410.557132194106,10482.47442906671,9.244493362038583,9.312621569981367,9.250933081133102,9.240071331050324,9.244260344841575,9.250575679119684,9.257460039649308,-0.006439719094519347,0.004422030988258996,0.00023301719700796752,-0.006082317081101962,-0.012966677610725341,-0.06812820794278451,0.03169835814511379
1994Q3,10449.673,11156.40941961558,10486.21811945025,10359.366859278201,10399.883033494392,10479.115139892712,10587.848460206234,9.254325965037328,9.319769447573394,9.257817113931804,9.245646399976653,9.249549838286834,9.257139521094004,9.267462250834882,-0.0034911488944757707,0.008679565060674577,0.004776126750494214,-0.002813556056675992,-0.013136285797553882,-0.06544348253606636,0.036653854414522735
1994Q4,10558.648,11237.09667990258,10594.262648390259,10461.363658696773,10459.430383054798,10550.41899190564,10696.551152852691,9.264700518760643,9.326975787582075,9.268067873980486,9.255444098021892,9.255259279449174,9.26392085298817,9.277676646329745,-0.0033673552198436596,0.009256420738751103,0.009441239311469118,0.000779665772473237,-0.012976127569102047,-0.062275268821432306,0.04382645388993267
1995Q1,10576.275,11318.73097193414,10630.56160006821,10495.257374876483,10524.190387657534,10624.586302460375,10710.510217351832,9.266368564022704,9.33421424052013,9.271488301555525,9.258678755524924,9.26143173280399,9.27092605679556,9.278980801648984,-0.005119737532821134,0.007689808497779893,0.004936831218714133,-0.004557492772855554,-0.012612237626280276,-0.06784567649742534,0.033199058070509935
1995Q2,10637.847,11401.54512218035,10712.890173814236,10571.940516217894,10594.59486653585,10701.739828914462,10765.108962847708,9.272173392796129,9.341504162231637,9.279202984535804,9.265958649168235,9.268099231796299,9.278161608065043,9.284065531702435,-0.007029591739675212,0.0062147436278934265,0.004074160999829601,-0.005988215268914132,-0.01189213890630647,-0.06933076943550809,0.02806668207145946
1995Q3,10688.606,11485.08306305804,10769.435266170078,10618.568604955106,10670.967618070748,10781.97213406141,10805.761096761264,9.27693359327089,9.348804347405103,9.284467332951124,9.270359502750978,9.275282026038889,9.285630771521298,9.287834705771802,-0.007533739680233964,0.00657409051991209,0.0016515672320007724,-0.008697178250407944,-0.010901112500912191,-0.0718707541342134,0.022865117406066116
1995Q4,10833.987,11570.74323791323,10895.123004808958,10738.682715361016,10753.51711953069,10865.335847676668,10938.150477766596,9.290443416290966,9.356235056492135,9.296070537338757,9.281607708339436,9.282988153955928,9.293332803181656,9.300012001150412,-0.005627121047790951,0.00883570795152977,0.00745526233503746,-0.002889386890689849,-0.009568584859446005,-0.06579164020116934,0.026077107599381977
1996Q1,10939.116,11658.23583382563,10958.688314549994,10810.442717333652,10842.331780945166,10951.825245701899,11027.723009937301,9.300100268323554,9.363768147756318,9.301887874010484,9.28826786421959,9.291213360804306,9.301261410458757,9.308167654847592,-0.0017876056869301493,0.011832404103964578,0.0088869075192477,-0.0011611421352029083,-0.008067386524038156,-0.06366787943276364,0.03430706936043171
1996Q2,11087.361,11750.80672139377,11063.180973769726,10935.994709731835,10937.377908515902,11041.415011048966,11158.229740572979,9.31356108989889,9.371677174355407,9.311377844372569,9.299814894655665,9.299941367953592,9.309408482908516,9.319932597956276,0.0021832455263215422,0.013746195243225401,0.01361972194529848,0.004152606990373897,-0.006371508057386066,-0.058116084456516504,0.04225610689832271
1996Q3,11152.176,11849.53413723492,11110.44094648872,11003.233979940385,11038.500481349538,11134.071883351178,11203.561451604284,9.319389914798297,9.38004383247698,9.315640570998982,9.305944506747911,9.30914448464119,9.317765224924441,9.323986993486496,0.003749343799315241,0.01344540805038541,0.010245430157107549,0.001624689873855445,-0.004597078688199474,-0.060653917678683555,0.04337048254936149
1996Q4,11279.932,11954.09943599281,11259.404346080746,11162.889847908711,11145.426788140863,11229.791318484937,11310.568878212194,9.330780496665085,9.388829547568845,9.328959000301598,9.320350149359554,9.318784539222332,9.326325465056264,9.33349286653773,0.0018214963634868298,0.010430347305531384,0.01199595744275328,0.004455031608820548,-0.002712369872645226,-0.05804905090375989,0.04116167021429895
1997Q1,11319.951,12064.07585427785,11347.770508061094,11258.191986957208,11257.772908175084,11328.580087399552,11329.084927270085,9.334322023125898,9.397987377883627,9.336776572606619,9.328851319259023,9.328814094224775,9.335084022902729,9.335128585294335,-0.002454549480720658,0.005470703866874871,0.005507928901122838,-0.0007619997768308906,-0.0008065621684369972,-0.06366535475772928,0.03481405627292
1997Q2,11353.721,12178.42172377397,11433.275704264119,11357.406449702034,11375.052954368572,11430.476298970283,11341.127068197651,9.337300810590987,9.407420953538859,9.344283304029847,9.337625360725502,9.33917789913742,9.344038426871677,9.336190961072962,-0.00698249343886026,-0.00032455013451482273,-0.0018770885464327591,-0.0067376162806898066,0.0011098495180252854,-0.0701201429478715,0.024023751008017014
1997Q3,11450.31,12297.62549944153,11563.840385243726,11514.319460995393,11496.690926083222,11535.512668892758,11416.298309072537,9.345772082851694,9.417161473898293,9.35563830031214,9.351346710290791,9.349814527386664,9.35318561425765,9.342797289602983,-0.009866217460446691,-0.005574627439097313,-0.004042444534970713,-0.00741353140595713,0.002974793248711194,-0.07138939104659947,0.026733258155179795
1997Q4,11528.067,12420.63989884188,11651.673755085565,11635.374516554028,11622.034947547396,11643.673940800749,11473.475030600277,9.352539949598624,9.42711487580616,9.363205118638732,9.36180526400683,9.360658139647171,9.362518302137538,9.347793131160635,-0.010665169040107614,-0.009265314408205327,-0.008118190048547191,-0.009978352538913882,0.004746818437988409,-0.0745749262075357,0.021997916299495213
1998Q1,11614.418,12547.22445560292,11732.304343982136,11743.68647397301,11750.373595685573,11754.891606659974,11540.589986032954,9.360002536329624,9.437254761184589,9.37010137111632,9.37107105379945,9.371640314444338,9.372024739890394,9.353625664061385,-0.010098834786695932,-0.011068517469826844,-0.011637778114714337,-0.012022203560769995,0.006376872268239353,-0.07725222485496452,0.026013098466592277
1998Q2,11808.14,12677.45257646522,11913.374447235801,11942.292259712529,11880.953951140487,11869.024904098156,11716.893825330815,9.376544403138531,9.447580306898242,9.385416951122382,9.387841350070957,9.3826918886104,9.381687336301685,9.368786996035464,-0.00887254798385051,-0.011296946932425556,-0.006147485471869274,-0.005142933163153174,0.007757407103067493,-0.0710359037597108,0.04002379484223728
1998Q3,11914.063,12809.9729819968,12005.873227087244,12045.530136880412,12013.00094071083,11985.845274738855,11807.645452280329,9.385474746071244,9.457979285754817,9.393151244626209,9.396448927104952,9.393744754029107,9.391481672102744,9.376502520329192,-0.007676498554964439,-0.010974181033708064,-0.008270007957863257,-0.00600692603149966,0.008972225742052586,-0.07250453968357284,0.040501348871777365
1998Q4,12037.775,12945.27097787811,12118.710536816923,12167.691020429193,12145.73748099581,12105.08610714057,11918.806430879555,9.395804901120613,9.468485824981464,9.402505862611605,9.406539440818337,9.404733562605946,9.401380982700067,9.385872803968212,-0.006700961490992086,-0.010734539697724088,-0.008928661485333222,-0.005576081579453884,0.009932097152400843,-0.07268092386085101,0.04421452442981133
1999Q1,12115.472,13083.46512991397,12188.572166640439,12247.904096438913,12278.404884526844,12226.435925940094,11986.881812570997,9.402238592458689,9.479104508115704,9.408254084084156,9.413110107166345,9.415597297867158,9.411355765600012,9.391568148524806,-0.0060154916254671065,-0.010871514707655905,-0.013358705408469618,-0.00911717314132332,0.010670443933882723,-0.07686591565701484,0.043140689443069924
1999Q2,12317.221,13222.90842921196,12382.867182320368,12452.826983203067,12410.28295385938,12349.541186332253,12182.17550446112,9.418753643461363,9.48970609141842,9.424069117349644,9.429702943041002,9.426280678410876,9.42137419046174,9.407729138160253,-0.005315473888281019,-0.010949299579639415,-0.007527034949513123,-0.0026205470003777265,0.01102450530111021,-0.07095244795705646,0.0431127171595187
1999Q3,12471.01,13363.3582488384,12530.786546187768,12604.496557138558,12540.709168620453,12473.97899105817,12332.834467374196,9.431162029780742,9.500271781434533,9.435943818959695,9.441808898890926,9.436735365109445,9.43140007286613,9.420020453548904,-0.004781789178952778,-0.010646869110184198,-0.0055733353287035214,-0.0002380430853872184,0.011141576231837647,-0.06910975165379085,0.04674702492340366
1999Q4,12577.495,13505.49631232712,12629.605827257132,12699.865208462066,12669.096367671571,12599.30624274251,12439.591773497257,9.439664384830113,9.510852015816315,9.443799005614219,9.449346658883435,9.446920950145984,9.441397031323906,9.428639550119456,-0.004134620784105536,-0.009682274053322004,-0.007256565315870489,-0.0017326464937923447,0.011024834710656961,-0.07118763098620207,0.04483552816031211
2000Q1,12703.742,13648.58537128962,12744.845775825463,12806.511638171602,12794.948345188255,12725.07798839053,12569.50671432783,9.449651874716464,9.521391159439586,9.452882215977915,9.457709042284833,9.456805711476576,9.451329970153619,9.439029057721807,-0.003230341261451386,-0.00805716756836894,-0.0071538367601124975,-0.001678095437155136,0.010622816994656503,-0.07173928472312241,0.04855526883310857
2000Q2,12821.339,13788.68131181121,12845.591019023155,12898.882125114847,12917.872816787089,12850.835642980774,12694.076974758795,9.458866171198386,9.531603339805221,9.460755920087129,9.46489592962699,9.466367121117964,9.46116411879113,9.44889078371748,-0.00188974888874327,-0.006029758428605092,-0.007500949919577948,-0.002297947592744265,0.009975387480904985,-0.07273716860683521,0.040927900863352296
2000Q3,12982.752,13923.90247424798,12984.752253016753,13031.214050083385,13037.591270297145,12976.107286499036,12865.59684734942,9.471376986275322,9.54136224475914,9.471531044439805,9.475102839230807,9.47559209988258,9.470865044392765,9.462312116748883,-0.0001540581644832173,-0.0037258529554851094,-0.004215113607257237,0.0005119418825572097,0.009064869526438812,-0.06998525848381831,0.04103452727565782
2000Q4,13191.67,14053.43426698748,13166.283379807619,13206.025874177589,13153.945294956518,13100.402563529256,13087.506467454834,9.487340848765847,9.55062207670736,9.48541455140303,9.488428510026987,9.484477015038335,9.480398238757486,9.479413349349048,0.0019262973628162428,-0.001087661261140127,0.0028638337275115333,0.006942610008360717,0.007927499416798156,-0.0632812279415127,0.04883126568525764
2001Q1,13315.597,14177.01487140533,13259.076262363113,13287.673820677495,13266.899081358595,13223.235271601308,13226.98994581214,9.496691333893294,9.5593772610982,9.492437597841379,9.494592104083173,9.49302742114634,9.489730809002431,9.490014713899663,0.004253736051914814,0.002099229810120562,0.003663912746953102,0.006960524890862629,0.006676619993630339,-0.06268592720490673,0.048163367927339884
2001Q2,13426.748,14293.25536642401,13334.780687681887,13345.91475851946,13376.53790005318,13344.176250392862,13355.879226538695,9.505004115742864,9.567543052287258,9.49813099011281,9.498965606399805,9.501257548335694,9.498835332724195,9.499711958385545,0.0068731256300544885,0.006038509343058607,0.003746567407169721,0.006168783018669188,0.005292157357319027,-0.06253893654439402,0.04721885912228041
2001Q3,13604.771,14401.42878546746,13470.823208815389,13461.262935685218,13483.06249605595,13462.854065661842,13553.385530059957,9.518175819028645,9.575082701855012,9.508281381777202,9.507571427599837,9.509189546797696,9.507689621260814,9.514391649716352,0.009894437251443122,0.010604391428808313,0.008986272230949055,0.010486197767830774,0.0037841693122935283,-0.056906882826366356,0.047911182467322844
2001Q4,13827.98,14502.3757251484,13642.79635857658,13618.015185138118,13586.779475495778,13578.948890509682,13797.343114144242,9.534449354699712,9.582067758101532,9.52096692201129,9.519148841120725,9.516852501541035,9.516275996829107,9.532231324648848,0.013482432688421753,0.015300513578987207,0.017596853158677206,0.018173357870605145,0.0022180300508640727,-0.04761840340182033,0.048235742707329665
2002Q1,13878.147,14596.98191320833,13638.456083149043,13609.708003164014,13688.087904346028,13692.229596121784,13869.01309181587,9.538070723707763,9.588570068053858,9.52064873460597,9.518538640835198,9.524281237552142,9.524583768142392,9.537412356618386,0.017421989101793045,0.01953208287256558,0.013789486155621589,0.013486955565371161,0.0006583670893771654,-0.05049934434609504,0.04224744861233032
2002Q2,14130.908,14687.09037031985,13853.059617104711,13828.017575126265,13787.46248218459,13802.620698126986,14143.50196789874,9.556119734052743,9.59472418081724,9.536261398200535,9.534452072021779,9.531514942410972,9.532613758776874,9.557010572711864,0.01985833585220753,0.021667662030964152,0.024604791641770873,0.023505975275869062,-0.0008908386591208739,-0.038604446764496814,0.052444568111355006
2002Q3,14145.312,14774.58935298112,13872.732423098334,13847.164099035797,13885.433790396097,13910.16291053155,14179.32375396869,9.55713854075646,9.600664048519604,9.537680496292781,9.535835732457302,9.538595640909072,9.540374996605308,9.55954010881976,0.01945804446367916,0.02130280829915776,0.018542899847387773,0.016763544151151777,-0.0024015680633002745,-0.04352550776314423,0.039731723525519014
2002Q4,14229.765,14860.70590824719,14018.854540249678,13981.691540980204,13982.566238258385,14015.102126905413,14284.357055963314,9.56309117654135,9.606475821063205,9.54815845541412,9.545504005677113,9.545566563910224,9.547890750543827,9.566920305318984,0.014932721127230764,0.017587170864237223,0.017524612631126146,0.015200425997523581,-0.003829128777633528,-0.0433846445218542,0.029055943095086967
2003Q1,14183.12,14947.16312204454,14071.53098722843,14020.945518829367,14079.434436211464,14117.831208999436,14256.948129056314,9.559807804092207,9.612276803089784,9.551908956358574,9.54830759902992,9.552470461022574,9.555193902153635,9.564999654868343,0.007898847733633474,0.011500205062286994,0.007337343069632851,0.004613901938572695,-0.005191850776135709,-0.05246899899757729,0.021975051856706784
2003Q2,14271.694,15035.05543431563,14258.53392064729,14207.364297316606,14176.598808025643,14218.877182860164,14362.940302210505,9.566033414006979,9.618139782433833,9.565110878069119,9.561515721643458,9.559347912925201,9.562325739821985,9.572406578063825,0.0009225359378604026,0.004517692363521064,0.0066855010817779,0.003707674184994403,-0.006373164056846292,-0.05210636842685368,0.009962983270431103
2003Q3,14214.516,15124.15893721589,14268.184859700226,14233.155793857954,14274.581308047376,14318.807880028513,14320.93369694827,9.562018974965161,9.62404867389609,9.56578750263961,9.56332943697137,9.566235703659556,9.569329188447918,9.569477640689916,-0.003768527674449018,-0.001310462006209434,-0.004216728694395044,-0.007310213482757177,-0.007458665724755065,-0.062029698930928134,0.004892362925611016
2003Q4,14253.574,15215.89630954418,14339.576256038563,14326.08476766548,14373.842132695016,14418.224142556111,14372.542729340546,9.564762961267519,9.630095970194667,9.570778563928902,9.569837264207392,9.573165315130662,9.576248250866444,9.573074910485934,-0.006015602661383568,-0.005074302939872766,-0.008402353863143475,-0.011485289598924808,-0.008311949218414938,-0.06533300892714777,0.0016731829373148877
2004Q1,14372.785,15310.64980463486,14479.027366462675,14476.512571463598,14474.758304617895,14517.661630069577,14501.375351641242,9.573091766836415,9.63630393090159,9.580456492859245,9.580282792419828,9.580161604866069,9.583121230648638,9.581998775747842,-0.007364726022830226,-0.007191025583413335,-0.0070698380296541075,-0.010029463812223582,-0.008907008911426928,-0.06321216406517571,0.013372586567694578
2004Q2,14460.848,15407.29988119573,14597.45288733043,14593.013930074036,14577.604962532976,14617.553095856434,14595.893653261079,9.579200138529885,9.642596694350019,9.588602332704664,9.588298195239622,9.587241723381347,9.589978352391881,9.588495511510411,-0.009402194174779055,-0.009098056709737179,-0.008041584851461892,-0.010778213861996733,-0.009295372980526295,-0.06339655582013393,0.013253787532159889
2004Q3,14519.633,15506.39166779942,14697.8920991747,14692.30131161894,14682.540110325557,14718.24074531041,14657.808682771347,9.583257012577263,9.649007583572462,9.595459367870872,9.59507891527942,9.594414319238716,9.59684287055554,9.592728488331531,-0.012202355293608136,-0.011821902702155995,-0.011157306661452537,-0.01358585797827594,-0.009471475754267544,-0.0657505709951991,0.021465169830615416
2004Q4,14537.58,15607.3595830406,14751.078707231645,14757.545001882612,14789.593467688082,14819.968843140323,14675.483368652622,9.584492299821237,9.655497850133653,9.599071491787571,9.599509756534733,9.60167906835534,9.603730796495663,9.593933582392525,-0.014579191966333838,-0.015017456713495747,-0.017186768534102725,-0.019238496674425676,-0.009441282571287957,-0.07100555031241562,0.01992524822195474
2005Q1,14614.141,15707.3186103533,14834.591541620277,14864.686850142705,14898.659925002617,14922.857524214165,14748.37641032405,9.589744900587087,9.661882036246286,9.604716998919532,9.606743668956868,9.609026549969606,9.610649378490205,9.598888281833057,-0.014972098332444617,-0.016998768369781203,-0.01928164938251875,-0.02090447790311778,-0.009143381245969806,-0.0721371356591991,0.016792570124718242
2005Q2,14743.567,15805.16528365269,14931.938130556284,14985.08098615891,15009.497942340646,15026.85043037296,14870.82912511204,9.598562131039955,9.66809208227632,9.611257696612837,9.614810384217902,9.616438475856288,9.617593908583828,9.607156796145366,-0.012695565572881762,-0.016248253177947092,-0.017876344816333045,-0.019031777543872863,-0.008594665105411181,-0.0695299512363654,0.019550651524723905
2005Q3,14988.782,15902.19187835561,15116.222599304841,15180.053186482428,15121.733052519945,15131.698255630095,15105.9372149591,9.615057333625899,9.674212232691966,9.623523790432984,9.627737554664328,9.623888263040826,9.62454704474192,9.622843138566537,-0.00846645680708491,-0.012680221038429806,-0.008830929414926914,-0.009489711116021482,-0.007785804940638741,-0.0591548990660673,0.032311353875128956
2005Q4,15162.76,15997.87532112314,15223.362718599228,15286.634396801799,15234.866438194922,15236.97464185498,15266.92355589499,9.626597700673301,9.68021119997442,9.630586547787104,9.634734156760429,9.631341924607172,9.631480295220085,9.633443908097947,-0.003988847113802763,-0.008136456087127542,-0.004744223933871083,-0.004882594546783636,-0.0068462074246458116,-0.05361349930111814,0.04300440651057458
2006Q1,15248.68,16091.6033175171,15259.976109191466,15320.718985561736,15348.288360639797,15342.163908257246,15337.287046733101,9.632248220912203,9.686052881853405,9.63298873925344,9.636961373365786,9.638759239347749,9.638360128092549,9.638042204439197,-0.0007405183412370064,-0.004713152453582836,-0.006511018435546134,-0.00611190718034571,-0.0057939835269937845,-0.05380466094120173,0.04341952085996703
2006Q2,15366.85,16183.16392973286,15352.099390875874,15419.203478766094,15461.296031148646,15446.703989895374,15437.718733835007,9.639967870831144,9.691726717214877,9.63900751179867,9.643368990709616,9.646095149879299,9.645150925579605,9.644569062263315,0.0009603590324740452,-0.0034011198784718033,-0.006127279048154577,-0.0051830547484605916,-0.004601191432170637,-0.051758846383732404,0.04227491217016888
2006Q3,15512.619,16270.76143634822,15487.207895650852,15566.323667309543,15573.115342654892,15549.97439438519,15564.004393686197,9.649409100716316,9.6971249991394,9.64776966510745,9.652865120526178,9.653301331046919,9.651814270942692,9.652716116402413,0.0016394356088653694,-0.0034560198098620987,-0.0038922303306030415,-0.0024051702263765407,-0.003307015686097259,-0.04771589842308366,0.03494860356231766
2006Q4,15670.88,16354.46924243812,15633.791358021115,15719.710459382266,15682.925726633344,15651.304720598835,15701.516771824587,9.659559492037449,9.702256487133951,9.657189963291527,9.662670647199214,9.660327866207464,9.65830956122168,9.66151259634034,0.0023695287459215564,-0.003111155161764856,-0.0007683741700148516,0.0012499308157689626,-0.0019531043028919726,-0.04269699509650238,0.03351104943954786
2007Q1,15844.727,16438.58205625895,15783.797387371373,15863.43178232018,15789.88727514957,15750.00122028696,15853.860768324063,9.670592042566685,9.707386415271174,9.6667392110369,9.671771851499663,9.667124968221644,9.664595721732313,9.671168331241978,0.003852831529785661,-0.001179808932977977,0.003467074345040899,0.005996320834372071,-0.0005762886752922469,-0.036794372704488154,0.039088432572524257
2007Q2,15922.782,16523.06215505363,15827.885889254552,15891.091785408902,15893.169175506267,15845.382379749843,15910.187864891439,9.675506192875309,9.71251239037324,9.669528593056441,9.67351396613258,9.67364468429544,9.670633404351971,9.674714929237696,0.005977599818868029,0.0019922267427290308,0.001861508579869664,0.004872788523337945,0.0007912636376126159,-0.03700619749793077,0.036177355801611855
2007Q3,16047.587,16608.0260267577,15921.481877774808,15968.139650017632,15991.97844937076,15936.82588890008,16013.57506710951,9.68331377457644,9.717641353086117,9.675424537841241,9.67835074413034,9.679842528591207,9.676387803839178,9.681192083193064,0.007889236735199034,0.004963030446100802,0.0034712459852332955,0.006925970737261977,0.0021216913833761453,-0.034327578509676826,0.03448598847170792
2007Q4,16136.734,16691.71209934948,15986.200036032913,16031.824580907842,16085.587972046065,16023.757812412929,16082.141757010426,9.688853566948517,9.722667593740356,9.679481131308783,9.68233106201509,9.685678993064482,9.681827763178324,9.685464727707377,0.009372435639733112,0.006522504933426987,0.00317457388403497,0.0070258037701922404,0.0033888392411398627,-0.033814026791839424,0.029727366937913002
2008Q1,16353.835,16774.77721545801,16179.592172026929,16245.830957420225,16173.362771470422,16105.673440658074,16280.006681570276,9.70221770539623,9.727631681004032,9.691505984610446,9.695591598375195,9.691120894553332,9.686926876517134,9.697693049972312,0.01071172078578364,0.0066261070210345,0.011096810842897042,0.015290828879095386,0.004524655423917778,-0.025413975607802897,0.032131067957182013
2008Q2,16396.151,16854.43150982405,16199.792354846957,16290.516155831712,16254.783669656497,16182.138674122449,16304.904513741689,9.704801891145129,9.732368898818368,9.69275370353629,9.698338386534985,9.69614252410786,9.691663361983917,9.699221231950013,0.012048187608838745,0.006463504610144,0.00865936703726966,0.013138529161212276,0.005580659195116411,-0.027567007673239274,0.029729038556202125
2008Q3,16420.738,16929.75304327733,16210.924246733359,16305.96563929473,16329.467428968737,16252.874514267576,16314.320138316933,9.70630032718521,9.736827888090923,9.69344063017608,9.69928630997758,9.700726572387302,9.696025065299827,9.69979853720096,0.012859697009130144,0.007014017207628953,0.005573754797907782,0.010275261885382747,0.006501789984248774,-0.03052756090571407,0.02325277937424497
2008Q4,16561.866,16999.9085535114,16350.363531608236,16422.874893355794,16397.18269765377,16317.735720258657,16442.897117786186,9.714858102750625,9.740963243818673,9.702005410427347,9.70643045253809,9.70486481232683,9.700007876261239,9.707648876794218,0.012852692323278347,0.008427650212535553,0.009993290423794932,0.014850226489386387,0.007209225956406939,-0.02610514106804729,0.026345603763438197
2009Q1,16611.69,17063.79364520768,16396.97559615706,16440.88342119738,16457.86120775522,16376.681965939473,16483.09951155617,9.717861943367756,9.744714167087423,9.704852181937305,9.707526403249005,9.708558527012784,9.703613770705799,9.710090862936706,0.013009761430451405,0.010335540118751041,0.009303416354972782,0.01424817266195788,0.007771080431050237,-0.026852223719666668,0.015767249700146868
2009Q2,16713.314,17122.68277124206,16469.19473635306,16509.170043117814,16511.603857189,16429.82550657864,16578.26822796472,9.723960926282437,9.748159341346646,9.709246929223092,9.711671265700131,9.711818676786434,9.70685359055974,9.715847973774757,0.01471399705934573,0.012289660582306183,0.012142249496003288,0.01710733572269696,0.008112952507680404,-0.024198415064208945,0.01934374720018117
2009Q3,16809.587,17177.41046139042,16504.298305527074,16569.839133131583,16558.68149872534,16477.42547746606,16671.411220896716,9.729704657391745,9.751350454339786,9.711376129328839,9.71533940205312,9.714665805127249,9.709746570232141,9.721450628484234,0.018328528062905747,0.01436525533862465,0.015038852264495972,0.01995808715960301,0.008254028907510147,-0.02164579694804125,0.023680360773066234
2009Q4,16915.191,17230.32656965826,16546.039060036674,16640.79218122022,16599.530453835785,16519.918194200025,16777.287560988272,9.73596737290394,9.754426282891881,9.713902020440964,9.719612320286505,9.717129688031074,9.71232209513777,9.72778131981474,0.022065352462975696,0.01635505261743475,0.018837684872865523,0.023645277766169315,0.008186053089199063,-0.018458909987941752,0.02133364682457861
2010Q1,16843.003,17284.08945901852,16460.043696640423,16557.79839101394,16634.74296062666,16557.947573330424,16708.767552672383,9.731690597313907,9.757541672866855,9.708691128944452,9.714612471698421,9.719248736612528,9.714621481449653,9.723688863792942,0.022999468369455656,0.017078125615485718,0.012441860701379426,0.017069115864254414,0.008001733520965004,-0.02585107555294819,0.013924712055185307
2010Q2,16943.291,17339.54049744347,16642.096500724758,16712.018331337375,16665.052944478706,16592.40457691077,16816.028858701033,9.737627223245223,9.760744750412679,9.719690698069014,9.723883400132484,9.721069167723215,9.71670031402634,9.73008780926066,0.017936525176208917,0.013743823112738696,0.016558055522008175,0.020926909218882628,0.007539413984563481,-0.02311752716745552,0.013760107660276244
2010Q3,16854.295,17398.24975081217,16736.36200453897,16772.14879601298,16691.317660269764,16624.35832663624,16737.13979282618,9.73236079944244,9.764124891109422,9.725338996921048,9.727474979942988,9.722643962627028,9.718624267885115,9.725385468801527,0.007021802521391507,0.004885819499451216,0.009716836815410801,0.013736531557324128,0.006975330640912603,-0.03176409166698235,0.0026596727212868654
2010Q4,16485.35,17459.66794812841,16605.40022822704,16630.771684847266,16714.49588987395,16655.09724821646,16381.186493328602,9.710227386702954,9.767648811350691,9.717483236394635,9.719009974288207,9.724031639253363,9.720471589591007,9.703888790273883,-0.007255849691681249,-0.00878258758525341,-0.013804252550409402,-0.010244202888053167,0.006338596429070975,-0.05742142464773714,-0.025411536884212604
2011Q1,16298.262,17523.89847705864,16634.474986836296,16675.04223161931,16735.62348297041,16686.053477781905,16209.655035420352,9.698813755343052,9.77132085555126,9.719232627199268,9.72166840341146,9.725294869179121,9.722328528406058,9.693362333529826,-0.020418871856216825,-0.022854648068408423,-0.02648111383606988,-0.02351477306300609,0.00545142181322511,-0.07250710020820783,-0.03234227293078318
2011Q2,16269.145,17590.0622922554,16728.65822291575,16783.193975363614,16755.787099504727,16718.5530594329,16198.276366066186,9.697025648125424,9.775089379070154,9.724878588906535,9.728133306089426,9.72649897606025,9.724274343386332,9.692660118403488,-0.027852940781111002,-0.031107657964001945,-0.029473327934827154,-0.027248695260908562,0.0043655297219356015,-0.07806373094473074,-0.03978837405318725
2011Q3,16326.281,17658.13190878539,16781.931315567956,16824.15376160288,16776.097046501756,16753.679667596167,16274.89571237288,9.700531419672563,9.778951687633274,9.728058069677505,9.730570856760819,9.727710357406568,9.726373194774265,9.697379059214327,-0.027526650004942255,-0.030039437088255738,-0.02717893773400526,-0.025841775101701714,0.003152360458235748,-0.07842026796071089,-0.031328157006863644
2011Q4,16502.754,17728.78704705593,16848.421957083923,16853.02449763728,16797.660100092333,16792.236096661283,16472.117327973214,9.711282555051808,9.78294498426642,9.732012278996267,9.732285415081876,9.728994875934616,9.728671921469592,9.709424371555814,-0.020729723944459266,-0.021002860030067794,-0.01771232088280783,-0.017389366417784657,0.0018581834959938703,-0.07166242921461219,0.001055725234829774
2012Q1,16582.71,17802.12460622221,16781.254979931604,16744.755068275408,16821.55316700514,16834.758016850574,16573.5763251239,9.716115865272487,9.787073089057474,9.728017767446932,9.725840357965485,9.73041626975164,9.731200957678421,9.71556491846152,-0.011901902174445311,-0.0097244926929978,-0.014300404479152817,-0.015085092405934475,0.0005509468109661242,-0.07095722378498692,0.017452658449103264
2012Q2,16743.162,17877.51350119276,16830.8271450568,16773.91793386818,16848.79857134631,16881.600172075956,16755.756219279847,9.725745215095095,9.791298973128125,9.730967433039373,9.727580455071925,9.732034631834662,9.733979560580934,9.726497133099777,-0.005222217944277574,-0.0018352399768293282,-0.006289416739566178,-0.008234345485838901,-0.000751918004681329,-0.06555375803302965,0.0291359502911801
2012Q3,16872.266,17954.15975156428,16920.32420513088,16868.28069451654,16880.341656544173,16932.95977623881,16906.27800396982,9.733426487800099,9.79557710810284,9.736270794036388,9.733190255379913,9.733905008261713,9.73701728419679,9.735440311454571,-0.0028443062362892846,0.00023623242018544488,-0.00047852046161445116,-0.0035907963966916867,-0.0020138236544724464,-0.062150620302741544,0.03344209253779229
2012Q4,16960.864,18032.27141097558,17028.596995365093,16982.818925840795,16917.031274262637,16988.94751938297,17015.456303020153,9.73866385144455,9.799918287795363,9.742649385962615,9.739957460564716,9.73607616116204,9.740318265683198,9.741877404266877,-0.003985534518065492,-0.0012936091201662947,0.0025876902825086034,-0.0016544142386489824,-0.0032135528223271592,-0.06125443635081318,0.027759609093124693
2013Q1,16920.632,18112.7611931849,17021.748714418605,16958.565335715473,16959.603598051828,17049.63615794213,16994.46036607466,9.7362889847085,9.804372007128682,9.742247141527436,9.738528314713356,9.738589536316368,9.74388414277383,9.740642709115042,-0.005958156818936189,-0.0022393300048566545,-0.002300551607868684,-0.007595158065329954,-0.0043537244065419145,-0.06808302242018271,0.020377971996133448
2013Q2,17035.114,18194.45250151435,17137.527379293668,17035.747960519104,17008.669556122888,17115.08089615036,17126.360521920997,9.743032022177166,9.808872018992504,9.749025921494015,9.743069236411424,9.741478466935444,9.747715277575981,9.74837410651025,-0.005993899316848683,-3.721423425773196e-05,0.001553555241722293,-0.004683255398814978,-0.005342084333083363,-0.06583999681533825,0.017437088645501975
2013Q3,17031.313,18277.07369505764,17100.653227656836,16956.533650321133,17064.70603162426,17185.256310643046,17137.730892645555,9.742808869921381,9.813402749866334,9.746871942208902,9.738408504631268,9.74476763480065,9.751807103961365,9.749037796727764,-0.004063072287520342,0.004400365290113228,-0.0019587648792693813,-0.008998234039983899,-0.006228926806382873,-0.07059387994495303,0.009426534645672335
2013Q4,17222.583,18361.59769901994,17250.433575908548,17085.57044257702,17128.05083665223,17260.086998745464,17341.551891700707,9.753976766732846,9.818016681032192,9.75559255697891,9.7459895524952,9.748472798308798,9.75615200510823,9.76086074412112,-0.0016157902460633977,0.007987214237646256,0.005503968424047656,-0.0021752383753845805,-0.006883977388273621,-0.06403991429934663,0.01543075871606514
2014Q1,17367.01,18448.09937548978,17369.222149485908,17217.693809602097,17198.90133391265,17339.401343213747,17495.600485212428,9.762327708551636,9.822716629283674,9.762455076970834,9.753692843902739,9.752600784826079,9.760736725125728,9.76970472746011,-0.00012736841919824826,0.008634864648897178,0.009726923725557057,0.0015909834259080213,-0.007377018908474753,-0.06038892073203783,0.026380693108862374
2014Q2,17444.525,18535.90341771736,17451.264500437806,17323.92177271705,17277.31646263702,17423.00428680481,17579.570758882466,9.766781124817959,9.82746485557411,9.76716738921364,9.759843586780397,9.757149732997073,9.765546697465739,9.774492754495261,-0.00038626439568112403,0.006937538037561808,0.009631391820885682,0.0012344273522195692,-0.007711629677302767,-0.06068373075615163,0.02403335839137921
2014Q3,17469.65,18626.02876593418,17506.499837637843,17378.886389897925,17363.221827218193,17510.71802768606,17607.825761637796,9.76822036858282,9.832315277477177,9.770327510246124,9.763011322537423,9.762109560120281,9.770568431160221,9.776098727748307,-0.0021071416633038353,0.005209046045397514,0.006110808462539197,-0.0023480625774006114,-0.007878359165486515,-0.0640949088943561,0.025737123144880414
2014Q4,17489.852,18717.99587262323,17562.05359248263,17401.608374643278,17456.417431094535,17602.378214470646,17627.755419661396,9.769376105998571,9.837240686214091,9.773495807531424,9.764317916255065,9.76746262111728,9.775789297719767,9.777229951328604,-0.00411970153285246,0.005058189743506247,0.001913484881290728,-0.006413191721195588,-0.007853845330032527,-0.06786458021552022,0.01551852007332477
2015Q1,17662.4,18811.82035076692,17756.905621597984,17559.41543492297,17556.58758646784,17697.794828254424,17796.635430194783,9.779193365264087,9.842240693304632,9.784529768347694,9.773345577052023,9.773184519515974,9.781195324826117,9.786764697637924,-0.005336403083607166,0.005847788212063776,0.00600884574811289,-0.0020019595620297537,-0.007571332373837336,-0.06304732804054503,0.01700868485709428
2015Q2,17709.671,18906.9696114969,17808.026988912803,17608.948032000182,17663.312503026835,17796.70752124922,17836.93312641183,9.781866153529224,9.847285895584612,9.787404589064089,9.776162462738306,9.779245027521542,9.786768748454648,9.789026481401297,-0.005538435534864661,0.005703690790918259,0.002621126007682051,-0.0049025949254239976,-0.007160327872073324,-0.06541974205538814,0.015199382041070075
2015Q3,17860.45,19003.03419833049,17952.13403058086,17797.50831750235,17776.081055287803,17898.833823899193,17977.605201640687,9.790344050081721,9.852353940047717,9.795464274347408,9.78681374431897,9.785609071684936,9.792490840203687,9.796882106809933,-0.005120224265686701,0.0035303057627515955,0.004734978396784939,-0.002146790121965836,-0.0065380567282122826,-0.06200988996599577,0.02237022493295515
2015Q4,18016.147,19100.13772213314,18100.554079185276,18004.966477137565,17894.304246663916,18003.836868822713,18120.310527257596,9.799023690319984,9.857450824591613,9.80369782889506,9.79840291421718,9.792237742682563,9.798340173542108,9.804788716716,-0.00467413857507637,0.0006207761028047543,0.006785947637421685,0.0006835167778760365,-0.005765026396016282,-0.05842713427162849,0.030091449601746367
2016Q1,17953.974,19198.25266563741,18027.542119136655,17964.161732740078,18017.3289261731,18111.35579874821,18042.581013434075,9.795566762170324,9.862574546876433,9.799655985170748,9.796134037325643,9.79908929188315,9.804294412721747,9.800489855080954,-0.004089223000423914,-0.0005672751553191802,-0.003522529712824962,-0.008727650551422883,-0.004923092910630089,-0.06700778470610835,0.01650817555938011
2016Q2,18185.911,19296.5000603964,18231.212209228444,18163.147175008762,18144.45136724533,18221.037450236097,18256.779684998404,9.808402452399474,9.86767901442725,9.810890360757027,9.807149939728713,9.806120083160586,9.810332109381507,9.812291779614418,-0.0024879083575530814,0.0012525126707600975,0.0022823692388875827,-0.001929656982033734,-0.0038893272149440605,-0.05927656202777598,0.026891521587272926
2016Q3,18406.941,19394.1890093846,18402.753365394372,18320.41748168963,18274.93038328289,18332.43029622257,18458.326335107526,9.820483100725255,9.87272876458294,9.820255571825822,9.815771426270308,9.813285475214439,9.816426917763676,9.823270839542868,0.00022752889943333798,0.004711674454947357,0.007197625510816152,0.004056182961578614,-0.0027877388176129614,-0.05224566385768448,0.03059782928201682
2016Q4,18500.031,19491.3890847177,18439.092566494335,18372.717904798264,18407.999727018494,18445.06085561242,18530.66771496844,9.825527686740688,9.877728061625202,9.82222828583977,9.81862212071088,9.820540616885697,9.82255190932663,9.827182352897237,0.0032994009009179592,0.0069055660298076305,0.0049870698549909775,0.0029757774140577453,-0.0016546661565488563,-0.05220037488451368,0.026858351011456394
2017Q1,18666.621,19588.63066489704,18570.333658679407,18558.830874485946,18542.879595774026,18558.5022165003,18675.754713423306,9.834492234617613,9.882704608796512,9.829320621804044,9.828701012679728,9.827841145062168,9.828683303541798,9.83498142221915,0.005171612813569482,0.0057912219378852825,0.006651089555445466,0.005808931075815593,-0.0004891876015360452,-0.0482123741788989,0.03969299498818479
2017Q2,18782.243,19685.87294333235,18690.88795477113,18743.002485697543,18678.78713806382,18672.361823321095,18769.64881244328,9.84066718120015,9.887656548004575,9.835791408939635,9.838575760979023,9.835143781305721,9.834799732194261,9.839996419359876,0.0048757722605152765,0.0020914202211272936,0.005523399894428849,0.0058674490058887585,0.0006707618402739257,-0.046989366804425,0.032790878609270546
2017Q3,18857.418,19783.81724275004,18805.227180156246,18889.152239555056,18814.94592459932,18786.31469474938,18823.406024354288,9.84466164331584,9.892619571529695,9.84189015166934,9.84634308069308,9.842406828965439,9.840883941971132,9.84285637574203,0.002771491646500479,-0.0016814373772398028,0.002254814350401091,0.0037777013447080066,0.0018052675738093882,-0.04795792821385447,0.024473213664345517
2017Q4,18892.206,19882.73297022842,18889.35190376989,18961.342936591853,18950.594405195472,18900.10452519516,18837.613725929867,9.846504735042945,9.8976069441135,9.846353650948275,9.85015760328971,9.849590577047422,9.846922731466048,9.84361088012581,0.00015108409466968453,-0.0036528682467640294,-0.003085842004477257,-0.0004179964231028066,0.002893854917134675,-0.05110220907055485,0.02119861312664817
2018Q1,19001.69,19983.30805838998,19035.405888768473,19082.533717285176,19084.99341964679,19013.51944863422,18927.86166586951,9.852283201561416,9.902652606985582,9.854055991876281,9.85652873059286,9.85665762038738,9.852905555045067,9.848390277752614,-0.0017727903148649915,-0.004245529031443596,-0.0043744188259644545,-0.0006223534836511391,0.003892923808802351,-0.05036940542416524,0.017950168913805964
2018Q2,19062.709,20085.82133094175,19119.01263550161,19168.313804369413,19217.43286348197,19126.342662464103,18971.46250632033,9.85548929722409,9.907769438710185,9.858438544869346,9.86101387204418,9.863573107707726,9.858821860803797,9.850691155704322,-0.002949247645256392,-0.005524574820091388,-0.00808381048363671,-0.0033325635797076814,0.00479814151976754,-0.05228014148609539,0.01493250832714721
2018Q3,19197.938,20189.23681263725,19273.44102592622,19363.89226034574,19347.237627700964,19238.34997067696,19091.52013332924,9.862558156415194,9.912904910326821,9.86648331453412,9.87116538712889,9.87030493000865,9.864660960182242,9.856999543372934,-0.003925158118926575,-0.008607230713696623,-0.007746773593456879,-0.0021028037670483,0.005558613042259353,-0.05034675391162757,0.018057615310855146
2018Q4,19304.352,20294.35408829067,19403.33008371737,19539.29138520988,19473.772935182384,19349.277406225898,19185.383121992934,9.868085841701404,9.918098002616778,9.873199984120456,9.880182660108579,9.876823861574575,9.87041035441315,9.861903972353586,-0.005114142419051504,-0.012096818407174581,-0.0087380198731708,-0.0023245127117448305,0.006181869347818392,-0.05001216091537408,0.021815663030564147
2019Q1,19398.343,20401.78250699429,19510.84252019481,19652.12933739401,19596.449186380196,19458.83574458235,19269.752518925357,9.87294292903244,9.923377553808928,9.87872561670294,9.885940974652696,9.883103664846242,9.876056525819818,9.866291918509408,-0.005782687670500053,-0.012998045620255638,-0.010160735813801836,-0.0031135967873776593,0.006651010523032852,-0.050434624776487524,0.020874616941966906
2019Q2,19506.949,20509.70778828462,19572.35325451041,19695.041307808744,19714.726405009034,19566.707682838867,19371.903238412535,9.878526040045418,9.928653603684808,9.881873301219688,9.88812217277822,9.889121168711455,9.88158481337274,9.871579008590789,-0.0033472611742695335,-0.00959613273280091,-0.010595128666036402,-0.003058773327321518,0.006947031454629382,-0.050127563639389194,0.023304137937582903
2019Q3,19660.766,20617.67497935195,19606.414953761625,19729.575819409958,19828.118343163424,19672.538110122627,19522.590229252815,9.886380355302267,9.933903995605021,9.883612085229021,9.889874099515906,9.894856327609814,9.886978937635506,9.879327547334464,0.002768270073245205,-0.003493744213638905,-0.008475972307547153,-0.0005985823332395057,0.007052807967802721,-0.0475236403027548,0.024108214121745908
2019Q4,19882.352,20722.8202781457,19733.78957352796,19855.722743828625,19936.19626779286,19775.934566384025,19744.448561616628,9.89758778307166,9.938990800920896,9.89008765221685,9.89624754400225,9.90029226643202,9.892221051513271,9.890627645329571,0.007500130854809939,0.0013402390694103872,-0.0027044833603593332,0.005366731558389404,0.006960137742089145,-0.041403017849235724,0.029941434967617697
2020Q1,20044.077,20825.88977388797,,20001.437819005616,20038.592410077348,19876.49723400462,19909.841537040422,9.90568897762083,9.943952192359422,,9.903559440902379,9.90541531371383,9.897293269213714,9.898969438063256,,0.002129536718451064,0.0002736639070004543,0.008395708407116231,0.006719539557574095,-0.038263214738591955,0.03328810094759116
2020Q2,20150.476,20925.85598035592,,20148.55049142474,20135.003019566793,19973.89280626198,20023.21383779739,9.910983189924599,9.948740801586998,,9.910887628877875,9.910215023251611,9.902181340125116,9.904647571343943,,9.556104672370225e-05,0.0007681666729872916,0.008801849799482397,0.006335618580655122,-0.03775761166239988,0.032989628465220244
2020Q3,20276.154,21020.53901247057,,20283.76602461034,20225.190929426048,20067.89271378744,20158.998754172077,9.917200794749824,9.953255286940923,,9.917576141875513,9.914684182150417,9.906876439456079,9.911406055980336,,-0.00037534712568820794,0.0025166125994076083,0.010324355293745313,0.005794738769488106,-0.036054492191098575,0.03130030640718684
2020Q4,20304.874,21116.61705707409,,20217.809692757208,20308.9875109263,20158.378751708417,20200.71042678121,9.918616234733008,9.957815547768586,,9.91431916290668,9.918818801580255,9.911375299889436,9.913473052413494,,0.004297071826329102,-0.00020256684724628826,0.007240934843572688,0.005143182319514494,-0.03919931303557789,0.02125110751484538
2021Q1,20431.641,21216.86473689027,,20167.23586382607,20386.293877104923,20245.36287845621,20343.033946942538,9.924840007640276,9.962551650869637,,9.911814579605048,9.922618085257973,9.91568105265515,9.920493820078994,,0.013025428035227549,0.0022219223823025658,0.009158954985124979,0.004346187561282022,-0.03771164322936116,0.019335587266003706
2021Q2,20602.275,21322.28909851852,,20197.76057444617,20457.081189275716,20328.948611992317,20531.406264614154,9.933156785573171,9.967508241114615,,9.913327014592399,9.926084369958113,9.919801189200088,9.929711005699934,,0.01982977098077221,0.007072415615057892,0.013355596373083145,0.0034457798732372424,-0.0343514555414437,0.022421256946982382
2021Q3,20843.322,21435.3063204534,,20467.36536075198,20521.389927010423,20409.355894104192,20791.936602426842,9.944788888154081,9.972794669597258,,9.926586963031921,9.929223032225204,9.923748696957272,9.942320527183686,,0.01820192512215968,0.015565855928876715,0.021040191196808777,0.002468360970395267,-0.028005781443177113,0.02797216868642849
2021Q4,20985.448,21554.02108375017,,20838.00489748288,20579.328002651968,20486.975495571787,20954.81122556215,9.951584524122135,9.97831767133901,,9.944533756998634,9.932042355922558,9.927544621532022,9.950123551755585,,0.007050767123500279,0.019542168199576437,0.024039902590113016,0.0014609723665497398,-0.026733147216875253,0.03351776524198091
2022Q1,20709.212,21678.7235669542,,20878.94507095836,20631.06763476795,20562.46941599124,20700.078251483115,9.938333904414169,9.98408657775732,,9.946496517298689,9.934553356290358,9.931222820138414,9.9378927595112,,-0.00816261288452047,0.0037805481238102345,0.0071110842757544646,0.00044114490296820463,-0.04575267334315214,0.013585350290757248
2022Q2,19077.992,21808.97535370521,,19468.56766970464,20676.840939718564,20636.81120027395,19090.586253871035,9.856290698373899,9.99007687751916,,9.87655652964599,9.93676955775226,9.934831711548988,9.856950626246734,,-0.02026583127209136,-0.08047885937836163,-0.07854101317508899,-0.0006599278728351976,-0.13378617914526103,-0.0739861495878491
2022Q3,20558.879,21944.7086209857,,20946.340134690967,20716.934254372,20711.06610744634,20592.890971884783,9.931048194736347,9.996281324339298,,9.94971921484781,9.938706724729824,9.93842343097132,9.932701196765304,,-0.018671020111463932,-0.007658529993477714,-0.007375236234972604,-0.001653002028957573,-0.06523312960295158,-0.013646720997737227
2022Q4,20791.917,22084.80256835857,,20973.10298463962,20751.681262906375,20785.325134534643,20846.509269061757,9.94231958439339,10.002644984364613,,9.950996085511797,9.940382547094899,9.94200249431323,9.944941792062345,,-0.008676501118406676,0.001937037298491262,0.00031709008015923246,-0.0026222076689546014,-0.06032539997122299,-0.009222152417236895
